"dim_customers_key";"customer_id";"first_name";"last_name";"email";"active";"create_date";"address";"district";"city";"country";"postal_code";"phone"
600;1;"MARY";"SMITH";"MARY.SMITH@sakilacustomer.org";1;"2006-02-14 22:04:36";"1913 Hanoi Way";"Nagasaki";"Sasebo";"Japan";"35200";"28303384290"
601;2;"PATRICIA";"JOHNSON";"PATRICIA.JOHNSON@sakilacustomer.org";1;"2006-02-14 22:04:36";"1121 Loja Avenue";"California";"San Bernardino";"United States";"17886";"838635286649"
602;3;"LINDA";"WILLIAMS";"LINDA.WILLIAMS@sakilacustomer.org";1;"2006-02-14 22:04:36";"692 Joliet Street";"Attika";"Athenai";"Greece";"83579";"448477190408"
603;4;"BARBARA";"JONES";"BARBARA.JONES@sakilacustomer.org";1;"2006-02-14 22:04:36";"1566 Inegl Manor";"Mandalay";"Myingyan";"Myanmar";"53561";"705814003527"
604;5;"ELIZABETH";"BROWN";"ELIZABETH.BROWN@sakilacustomer.org";1;"2006-02-14 22:04:36";"53 Idfu Parkway";"Nantou";"Nantou";"Taiwan";"42399";"10655648674"
605;6;"JENNIFER";"DAVIS";"JENNIFER.DAVIS@sakilacustomer.org";1;"2006-02-14 22:04:36";"1795 Santiago de Compostela Way";"Texas";"Laredo";"United States";"18743";"860452626434"
606;7;"MARIA";"MILLER";"MARIA.MILLER@sakilacustomer.org";1;"2006-02-14 22:04:36";"900 Santiago de Compostela Parkway";"Central Serbia";"Kragujevac";"Yugoslavia";"93896";"716571220373"
607;8;"SUSAN";"WILSON";"SUSAN.WILSON@sakilacustomer.org";1;"2006-02-14 22:04:36";"478 Joliet Way";"Hamilton";"Hamilton";"New Zealand";"77948";"657282285970"
608;9;"MARGARET";"MOORE";"MARGARET.MOORE@sakilacustomer.org";1;"2006-02-14 22:04:36";"613 Korolev Drive";"Masqat";"Masqat";"Oman";"45844";"380657522649"
609;10;"DOROTHY";"TAYLOR";"DOROTHY.TAYLOR@sakilacustomer.org";1;"2006-02-14 22:04:36";"1531 Sal Drive";"Esfahan";"Esfahan";"Iran";"53628";"648856936185"
610;11;"LISA";"ANDERSON";"LISA.ANDERSON@sakilacustomer.org";1;"2006-02-14 22:04:36";"1542 Tarlac Parkway";"Kanagawa";"Sagamihara";"Japan";"1027";"635297277345"
611;12;"NANCY";"THOMAS";"NANCY.THOMAS@sakilacustomer.org";1;"2006-02-14 22:04:36";"808 Bhopal Manor";"Haryana";"Yamuna Nagar";"India";"10672";"465887807014"
612;13;"KAREN";"JACKSON";"KAREN.JACKSON@sakilacustomer.org";1;"2006-02-14 22:04:36";"270 Amroha Parkway";"Osmaniye";"Osmaniye";"Turkey";"29610";"695479687538"
613;14;"BETTY";"WHITE";"BETTY.WHITE@sakilacustomer.org";1;"2006-02-14 22:04:36";"770 Bydgoszcz Avenue";"California";"Citrus Heights";"United States";"16266";"517338314235"
614;15;"HELEN";"HARRIS";"HELEN.HARRIS@sakilacustomer.org";1;"2006-02-14 22:04:36";"419 Iligan Lane";"Madhya Pradesh";"Bhopal";"India";"72878";"990911107354"
615;16;"SANDRA";"MARTIN";"SANDRA.MARTIN@sakilacustomer.org";0;"2006-02-14 22:04:36";"360 Toulouse Parkway";"England";"Southend-on-Sea";"United Kingdom";"54308";"949312333307"
616;17;"DONNA";"THOMPSON";"DONNA.THOMPSON@sakilacustomer.org";1;"2006-02-14 22:04:36";"270 Toulon Boulevard";"Kalmykia";"Elista";"Russian Federation";"81766";"407752414682"
617;18;"CAROL";"GARCIA";"CAROL.GARCIA@sakilacustomer.org";1;"2006-02-14 22:04:36";"320 Brest Avenue";"Kaduna";"Kaduna";"Nigeria";"43331";"747791594069"
618;19;"RUTH";"MARTINEZ";"RUTH.MARTINEZ@sakilacustomer.org";1;"2006-02-14 22:04:36";"1417 Lancaster Avenue";"Northern Cape";"Kimberley";"South Africa";"72192";"272572357893"
619;20;"SHARON";"ROBINSON";"SHARON.ROBINSON@sakilacustomer.org";1;"2006-02-14 22:04:36";"1688 Okara Way";"Nothwest Border Prov";"Mardan";"Pakistan";"21954";"144453869132"
620;21;"MICHELLE";"CLARK";"MICHELLE.CLARK@sakilacustomer.org";1;"2006-02-14 22:04:36";"262 A Corua (La Corua) Parkway";"Dhaka";"Tangail";"Bangladesh";"34418";"892775750063"
621;22;"LAURA";"RODRIGUEZ";"LAURA.RODRIGUEZ@sakilacustomer.org";1;"2006-02-14 22:04:36";"28 Charlotte Amalie Street";"Rabat-Sal-Zammour-Z";"Sal";"Morocco";"37551";"161968374323"
622;23;"SARAH";"LEWIS";"SARAH.LEWIS@sakilacustomer.org";1;"2006-02-14 22:04:36";"1780 Hino Boulevard";"Liepaja";"Liepaja";"Latvia";"7716";"902731229323"
623;24;"KIMBERLY";"LEE";"KIMBERLY.LEE@sakilacustomer.org";1;"2006-02-14 22:04:36";"96 Tafuna Way";"Crdoba";"Crdoba";"Argentina";"99865";"934730187245"
624;25;"DEBORAH";"WALKER";"DEBORAH.WALKER@sakilacustomer.org";1;"2006-02-14 22:04:36";"934 San Felipe de Puerto Plata Street";"Sind";"Shikarpur";"Pakistan";"99780";"196495945706"
625;26;"JESSICA";"HALL";"JESSICA.HALL@sakilacustomer.org";1;"2006-02-14 22:04:36";"18 Duisburg Boulevard";"";"Citt del Vaticano";"Holy See (Vatican City State)";"58327";"998009777982"
626;27;"SHIRLEY";"ALLEN";"SHIRLEY.ALLEN@sakilacustomer.org";1;"2006-02-14 22:04:36";"217 Botshabelo Place";"Southern Mindanao";"Davao";"Philippines";"49521";"665356572025"
627;28;"CYNTHIA";"YOUNG";"CYNTHIA.YOUNG@sakilacustomer.org";1;"2006-02-14 22:04:36";"1425 Shikarpur Manor";"Bihar";"Munger (Monghyr)";"India";"65599";"678220867005"
628;29;"ANGELA";"HERNANDEZ";"ANGELA.HERNANDEZ@sakilacustomer.org";1;"2006-02-14 22:04:36";"786 Aurora Avenue";"Yamaguchi";"Shimonoseki";"Japan";"65750";"18461860151"
629;30;"MELISSA";"KING";"MELISSA.KING@sakilacustomer.org";1;"2006-02-14 22:04:36";"1668 Anpolis Street";"Taipei";"Lungtan";"Taiwan";"50199";"525255540978"
630;31;"BRENDA";"WRIGHT";"BRENDA.WRIGHT@sakilacustomer.org";1;"2006-02-14 22:04:36";"33 Gorontalo Way";"West Bengali";"Kamarhati";"India";"30348";"745994947458"
631;32;"AMY";"LOPEZ";"AMY.LOPEZ@sakilacustomer.org";1;"2006-02-14 22:04:36";"176 Mandaluyong Place";"Uttar Pradesh";"Jhansi";"India";"65213";"627705991774"
632;33;"ANNA";"HILL";"ANNA.HILL@sakilacustomer.org";1;"2006-02-14 22:04:36";"127 Purnea (Purnia) Manor";"Piemonte";"Alessandria";"Italy";"79388";"911872220378"
633;34;"REBECCA";"SCOTT";"REBECCA.SCOTT@sakilacustomer.org";1;"2006-02-14 22:04:36";"61 Tama Street";"Okayama";"Kurashiki";"Japan";"94065";"708403338270"
634;35;"VIRGINIA";"GREEN";"VIRGINIA.GREEN@sakilacustomer.org";1;"2006-02-14 22:04:36";"391 Callao Drive";"Midi-Pyrnes";"Toulouse";"France";"34021";"440512153169"
635;36;"KATHLEEN";"ADAMS";"KATHLEEN.ADAMS@sakilacustomer.org";1;"2006-02-14 22:04:36";"334 Munger (Monghyr) Lane";"Markazi";"Arak";"Iran";"38145";"481183273622"
636;37;"PAMELA";"BAKER";"PAMELA.BAKER@sakilacustomer.org";1;"2006-02-14 22:04:36";"1440 Fukuyama Loop";"Henan";"Nanyang";"China";"47929";"912257250465"
637;38;"MARTHA";"GONZALEZ";"MARTHA.GONZALEZ@sakilacustomer.org";1;"2006-02-14 22:04:36";"269 Cam Ranh Parkway";"Chisinau";"Chisinau";"Moldova";"34689";"489783829737"
638;39;"DEBRA";"NELSON";"DEBRA.NELSON@sakilacustomer.org";1;"2006-02-14 22:04:36";"306 Antofagasta Place";"Esprito Santo";"Vila Velha";"Brazil";"3989";"378318851631"
639;40;"AMANDA";"CARTER";"AMANDA.CARTER@sakilacustomer.org";1;"2006-02-14 22:04:36";"671 Graz Street";"Oriental";"Nador";"Morocco";"94399";"680768868518"
640;41;"STEPHANIE";"MITCHELL";"STEPHANIE.MITCHELL@sakilacustomer.org";1;"2006-02-14 22:04:36";"42 Brindisi Place";"Yerevan";"Yerevan";"Armenia";"16744";"42384721397"
641;42;"CAROLYN";"PEREZ";"CAROLYN.PEREZ@sakilacustomer.org";1;"2006-02-14 22:04:36";"1632 Bislig Avenue";"Nonthaburi";"Pak Kret";"Thailand";"61117";"471675840679"
642;43;"CHRISTINE";"ROBERTS";"CHRISTINE.ROBERTS@sakilacustomer.org";1;"2006-02-14 22:04:36";"1447 Imus Way";"Tahiti";"Faaa";"French Polynesia";"48942";"539758313890"
643;44;"MARIE";"TURNER";"MARIE.TURNER@sakilacustomer.org";1;"2006-02-14 22:04:36";"1998 Halifax Drive";"Lipetsk";"Lipetsk";"Russian Federation";"76022";"177727722820"
644;45;"JANET";"PHILLIPS";"JANET.PHILLIPS@sakilacustomer.org";1;"2006-02-14 22:04:36";"1718 Valencia Street";"Antofagasta";"Antofagasta";"Chile";"37359";"675292816413"
645;46;"CATHERINE";"CAMPBELL";"CATHERINE.CAMPBELL@sakilacustomer.org";1;"2006-02-14 22:04:36";"46 Pjatigorsk Lane";"Moscow (City)";"Moscow";"Russian Federation";"23616";"262076994845"
646;47;"FRANCES";"PARKER";"FRANCES.PARKER@sakilacustomer.org";1;"2006-02-14 22:04:36";"686 Garland Manor";"Cear";"Juazeiro do Norte";"Brazil";"52535";"69493378813"
647;48;"ANN";"EVANS";"ANN.EVANS@sakilacustomer.org";1;"2006-02-14 22:04:36";"909 Garland Manor";"Tatarstan";"Niznekamsk";"Russian Federation";"69367";"705800322606"
648;49;"JOYCE";"EDWARDS";"JOYCE.EDWARDS@sakilacustomer.org";1;"2006-02-14 22:04:36";"725 Isesaki Place";"Mekka";"Jedda";"Saudi Arabia";"74428";"876295323994"
649;50;"DIANE";"COLLINS";"DIANE.COLLINS@sakilacustomer.org";1;"2006-02-14 22:04:36";"115 Hidalgo Parkway";"Khartum";"Omdurman";"Sudan";"80168";"307703950263"
650;51;"ALICE";"STEWART";"ALICE.STEWART@sakilacustomer.org";1;"2006-02-14 22:04:36";"1135 Izumisano Parkway";"California";"Fontana";"United States";"48150";"171822533480"
651;52;"JULIE";"SANCHEZ";"JULIE.SANCHEZ@sakilacustomer.org";1;"2006-02-14 22:04:36";"939 Probolinggo Loop";"Galicia";"A Corua (La Corua)";"Spain";"4166";"680428310138"
652;53;"HEATHER";"MORRIS";"HEATHER.MORRIS@sakilacustomer.org";1;"2006-02-14 22:04:36";"17 Kabul Boulevard";"Chiba";"Nagareyama";"Japan";"38594";"697760867968"
653;54;"TERESA";"ROGERS";"TERESA.ROGERS@sakilacustomer.org";1;"2006-02-14 22:04:36";"1964 Allappuzha (Alleppey) Street";"Yamaguchi";"Iwakuni";"Japan";"48980";"920811325222"
654;55;"DORIS";"REED";"DORIS.REED@sakilacustomer.org";1;"2006-02-14 22:04:36";"1697 Kowloon and New Kowloon Loop";"Moskova";"Balaiha";"Russian Federation";"57807";"499352017190"
655;56;"GLORIA";"COOK";"GLORIA.COOK@sakilacustomer.org";1;"2006-02-14 22:04:36";"1668 Saint Louis Place";"Tahiti";"Papeete";"French Polynesia";"39072";"347487831378"
656;57;"EVELYN";"MORGAN";"EVELYN.MORGAN@sakilacustomer.org";1;"2006-02-14 22:04:36";"943 Tokat Street";"Vaduz";"Vaduz";"Liechtenstein";"45428";"889318963672"
657;58;"JEAN";"BELL";"JEAN.BELL@sakilacustomer.org";1;"2006-02-14 22:04:36";"1114 Liepaja Street";"Sarawak";"Kuching";"Malaysia";"69226";"212869228936"
658;59;"CHERYL";"MURPHY";"CHERYL.MURPHY@sakilacustomer.org";1;"2006-02-14 22:04:36";"1213 Ranchi Parkway";"Karnataka";"Mysore";"India";"94352";"800024380485"
659;60;"MILDRED";"BAILEY";"MILDRED.BAILEY@sakilacustomer.org";1;"2006-02-14 22:04:36";"81 Hodeida Way";"Rajasthan";"Jaipur";"India";"55561";"250767749542"
660;61;"KATHERINE";"RIVERA";"KATHERINE.RIVERA@sakilacustomer.org";1;"2006-02-14 22:04:36";"915 Ponce Place";"Basel-Stadt";"Basel";"Switzerland";"83980";"1395251317"
661;62;"JOAN";"COOPER";"JOAN.COOPER@sakilacustomer.org";1;"2006-02-14 22:04:36";"1717 Guadalajara Lane";"Missouri";"Saint Louis";"United States";"85505";"914090181665"
662;63;"ASHLEY";"RICHARDSON";"ASHLEY.RICHARDSON@sakilacustomer.org";1;"2006-02-14 22:04:36";"1214 Hanoi Way";"Nebraska";"Lincoln";"United States";"67055";"491001136577"
663;64;"JUDITH";"COX";"JUDITH.COX@sakilacustomer.org";0;"2006-02-14 22:04:36";"1966 Amroha Avenue";"Sichuan";"Daxian";"China";"70385";"333489324603"
664;65;"ROSE";"HOWARD";"ROSE.HOWARD@sakilacustomer.org";1;"2006-02-14 22:04:36";"698 Otsu Street";"Cayenne";"Cayenne";"French Guiana";"71110";"409983924481"
665;66;"JANICE";"WARD";"JANICE.WARD@sakilacustomer.org";1;"2006-02-14 22:04:36";"1150 Kimchon Manor";"Skne ln";"Malm";"Sweden";"96109";"663449333709"
666;67;"KELLY";"TORRES";"KELLY.TORRES@sakilacustomer.org";1;"2006-02-14 22:04:36";"1586 Guaruj Place";"Hunan";"Xiangtan";"China";"5135";"947233365992"
667;68;"NICOLE";"PETERSON";"NICOLE.PETERSON@sakilacustomer.org";1;"2006-02-14 22:04:36";"57 Arlington Manor";"Madhya Pradesh";"Shivapuri";"India";"48960";"990214419142"
668;69;"JUDY";"GRAY";"JUDY.GRAY@sakilacustomer.org";1;"2006-02-14 22:04:36";"1031 Daugavpils Parkway";"Bchar";"Bchar";"Algeria";"59025";"107137400143"
669;70;"CHRISTINA";"RAMIREZ";"CHRISTINA.RAMIREZ@sakilacustomer.org";1;"2006-02-14 22:04:36";"1124 Buenaventura Drive";"Mekka";"al-Hawiya";"Saudi Arabia";"6856";"407733804223"
670;71;"KATHY";"JAMES";"KATHY.JAMES@sakilacustomer.org";1;"2006-02-14 22:04:36";"492 Cam Ranh Street";"Eastern Visayas";"Baybay";"Philippines";"50805";"565018274456"
671;72;"THERESA";"WATSON";"THERESA.WATSON@sakilacustomer.org";1;"2006-02-14 22:04:36";"89 Allappuzha (Alleppey) Manor";"National Capital Reg";"Taguig";"Philippines";"75444";"255800440636"
672;73;"BEVERLY";"BROOKS";"BEVERLY.BROOKS@sakilacustomer.org";1;"2006-02-14 22:04:36";"1947 Poos de Caldas Boulevard";"Chiayi";"Chiayi";"Taiwan";"60951";"427454485876"
673;74;"DENISE";"KELLY";"DENISE.KELLY@sakilacustomer.org";1;"2006-02-14 22:04:36";"1206 Dos Quebradas Place";"So Paulo";"Rio Claro";"Brazil";"20207";"241832790687"
674;75;"TAMMY";"SANDERS";"TAMMY.SANDERS@sakilacustomer.org";1;"2006-02-14 22:04:36";"1551 Rampur Lane";"Changhwa";"Changhwa";"Taiwan";"72394";"251164340471"
675;76;"IRENE";"PRICE";"IRENE.PRICE@sakilacustomer.org";1;"2006-02-14 22:04:36";"602 Paarl Street";"Pavlodar";"Pavlodar";"Kazakstan";"98889";"896314772871"
676;77;"JANE";"BENNETT";"JANE.BENNETT@sakilacustomer.org";1;"2006-02-14 22:04:36";"1692 Ede Loop";"So Paulo";"Araatuba";"Brazil";"9223";"918711376618"
677;78;"LORI";"WOOD";"LORI.WOOD@sakilacustomer.org";1;"2006-02-14 22:04:36";"936 Salzburg Lane";"Uttar Pradesh";"Rae Bareli";"India";"96709";"875756771675"
678;79;"RACHEL";"BARNES";"RACHEL.BARNES@sakilacustomer.org";1;"2006-02-14 22:04:36";"586 Tete Way";"Kanagawa";"Kamakura";"Japan";"1079";"18581624103"
679;80;"MARILYN";"ROSS";"MARILYN.ROSS@sakilacustomer.org";1;"2006-02-14 22:04:36";"1888 Kabul Drive";"Oyo & Osun";"Ife";"Nigeria";"20936";"701457319790"
680;81;"ANDREA";"HENDERSON";"ANDREA.HENDERSON@sakilacustomer.org";1;"2006-02-14 22:04:36";"320 Baiyin Parkway";"Mahajanga";"Mahajanga";"Madagascar";"37307";"223664661973"
681;82;"KATHRYN";"COLEMAN";"KATHRYN.COLEMAN@sakilacustomer.org";1;"2006-02-14 22:04:36";"927 Baha Blanca Parkway";"Krim";"Simferopol";"Ukraine";"9495";"821972242086"
682;83;"LOUISE";"JENKINS";"LOUISE.JENKINS@sakilacustomer.org";1;"2006-02-14 22:04:36";"929 Tallahassee Loop";"Gauteng";"Springs";"South Africa";"74671";"800716535041"
683;84;"SARA";"PERRY";"SARA.PERRY@sakilacustomer.org";1;"2006-02-14 22:04:36";"125 Citt del Vaticano Boulevard";"Puebla";"Atlixco";"Mexico";"67912";"48417642933"
684;85;"ANNE";"POWELL";"ANNE.POWELL@sakilacustomer.org";1;"2006-02-14 22:04:36";"1557 Ktahya Boulevard";"England";"Bradford";"United Kingdom";"88002";"720998247660"
685;86;"JACQUELINE";"LONG";"JACQUELINE.LONG@sakilacustomer.org";1;"2006-02-14 22:04:36";"870 Ashqelon Loop";"Songkhla";"Songkhla";"Thailand";"84931";"135117278909"
686;87;"WANDA";"PATTERSON";"WANDA.PATTERSON@sakilacustomer.org";1;"2006-02-14 22:04:36";"1740 Portoviejo Avenue";"Sucre";"Sincelejo";"Colombia";"29932";"198123170793"
687;88;"BONNIE";"HUGHES";"BONNIE.HUGHES@sakilacustomer.org";1;"2006-02-14 22:04:36";"1942 Ciparay Parkway";"Cheju";"Cheju";"South Korea";"82624";"978987363654"
688;89;"JULIA";"FLORES";"JULIA.FLORES@sakilacustomer.org";1;"2006-02-14 22:04:36";"1926 El Alto Avenue";"Buenos Aires";"La Plata";"Argentina";"75543";"846225459260"
689;90;"RUBY";"WASHINGTON";"RUBY.WASHINGTON@sakilacustomer.org";1;"2006-02-14 22:04:36";"1952 Chatsworth Drive";"Guangdong";"Meixian";"China";"25958";"991562402283"
690;91;"LOIS";"BUTLER";"LOIS.BUTLER@sakilacustomer.org";1;"2006-02-14 22:04:36";"1370 Le Mans Avenue";"Brunei and Muara";"Bandar Seri Begawan";"Brunei";"52163";"345679835036"
691;92;"TINA";"SIMMONS";"TINA.SIMMONS@sakilacustomer.org";1;"2006-02-14 22:04:36";"984 Effon-Alaiye Avenue";"Gois";"Goinia";"Brazil";"17119";"132986892228"
692;93;"PHYLLIS";"FOSTER";"PHYLLIS.FOSTER@sakilacustomer.org";1;"2006-02-14 22:04:36";"832 Nakhon Sawan Manor";"Inner Mongolia";"Zalantun";"China";"49021";"275595571388"
693;94;"NORMA";"GONZALES";"NORMA.GONZALES@sakilacustomer.org";1;"2006-02-14 22:04:36";"152 Kitwe Parkway";"Caraga";"Bislig";"Philippines";"53182";"835433605312"
694;95;"PAULA";"BRYANT";"PAULA.BRYANT@sakilacustomer.org";1;"2006-02-14 22:04:36";"1697 Tanauan Lane";"Punjab";"Pathankot";"India";"22870";"4764773857"
695;96;"DIANA";"ALEXANDER";"DIANA.ALEXANDER@sakilacustomer.org";1;"2006-02-14 22:04:36";"1308 Arecibo Way";"Georgia";"Augusta-Richmond County";"United States";"30695";"6171054059"
696;97;"ANNIE";"RUSSELL";"ANNIE.RUSSELL@sakilacustomer.org";1;"2006-02-14 22:04:36";"1599 Plock Drive";"Tete";"Tete";"Mozambique";"71986";"817248913162"
697;98;"LILLIAN";"GRIFFIN";"LILLIAN.GRIFFIN@sakilacustomer.org";1;"2006-02-14 22:04:36";"669 Firozabad Loop";"Abu Dhabi";"al-Ayn";"United Arab Emirates";"92265";"412903167998"
698;99;"EMILY";"DIAZ";"EMILY.DIAZ@sakilacustomer.org";1;"2006-02-14 22:04:36";"588 Vila Velha Manor";"Kyongsangbuk";"Kimchon";"South Korea";"51540";"333339908719"
699;100;"ROBIN";"HAYES";"ROBIN.HAYES@sakilacustomer.org";1;"2006-02-14 22:04:36";"1913 Kamakura Place";"Lipetsk";"Jelets";"Russian Federation";"97287";"942570536750"
700;101;"PEGGY";"MYERS";"PEGGY.MYERS@sakilacustomer.org";1;"2006-02-14 22:04:36";"733 Mandaluyong Place";"Asir";"Abha";"Saudi Arabia";"77459";"196568435814"
701;102;"CRYSTAL";"FORD";"CRYSTAL.FORD@sakilacustomer.org";1;"2006-02-14 22:04:36";"659 Vaduz Drive";"Ha Darom";"Ashdod";"Israel";"49708";"709935135487"
702;103;"GLADYS";"HAMILTON";"GLADYS.HAMILTON@sakilacustomer.org";1;"2006-02-14 22:04:36";"1177 Jelets Way";"Kwara & Kogi";"Ilorin";"Nigeria";"3305";"484292626944"
703;104;"RITA";"GRAHAM";"RITA.GRAHAM@sakilacustomer.org";1;"2006-02-14 22:04:36";"1386 Yangor Avenue";"Provence-Alpes-Cte";"Toulon";"France";"80720";"449216226468"
704;105;"DAWN";"SULLIVAN";"DAWN.SULLIVAN@sakilacustomer.org";1;"2006-02-14 22:04:36";"454 Nakhon Sawan Boulevard";"Funafuti";"Funafuti";"Tuvalu";"76383";"963887147572"
705;106;"CONNIE";"WALLACE";"CONNIE.WALLACE@sakilacustomer.org";1;"2006-02-14 22:04:36";"1867 San Juan Bautista Tuxtepec Avenue";"Ivanovo";"Ivanovo";"Russian Federation";"78311";"547003310357"
706;107;"FLORENCE";"WOODS";"FLORENCE.WOODS@sakilacustomer.org";1;"2006-02-14 22:04:36";"1532 Dzerzinsk Way";"Buenos Aires";"Merlo";"Argentina";"9599";"330838016880"
707;108;"TRACY";"COLE";"TRACY.COLE@sakilacustomer.org";1;"2006-02-14 22:04:36";"1002 Ahmadnagar Manor";"Mxico";"Huixquilucan";"Mexico";"93026";"371490777743"
708;109;"EDNA";"WEST";"EDNA.WEST@sakilacustomer.org";1;"2006-02-14 22:04:36";"682 Junan Way";"North West";"Klerksdorp";"South Africa";"30418";"622255216127"
709;110;"TIFFANY";"JORDAN";"TIFFANY.JORDAN@sakilacustomer.org";1;"2006-02-14 22:04:36";"804 Elista Drive";"Hubei";"Enshi";"China";"61069";"379804592943"
710;111;"CARMEN";"OWENS";"CARMEN.OWENS@sakilacustomer.org";1;"2006-02-14 22:04:36";"1378 Alvorada Avenue";"Distrito Federal";"Caracas";"Venezuela";"75834";"272234298332"
711;112;"ROSA";"REYNOLDS";"ROSA.REYNOLDS@sakilacustomer.org";1;"2006-02-14 22:04:36";"793 Cam Ranh Avenue";"California";"Lancaster";"United States";"87057";"824370924746"
712;113;"CINDY";"FISHER";"CINDY.FISHER@sakilacustomer.org";1;"2006-02-14 22:04:36";"1079 Tel Aviv-Jaffa Boulevard";"Sucre";"Cuman";"Venezuela";"10885";"358178933857"
713;114;"GRACE";"ELLIS";"GRACE.ELLIS@sakilacustomer.org";1;"2006-02-14 22:04:36";"442 Rae Bareli Place";"Nordrhein-Westfalen";"Duisburg";"Germany";"24321";"886636413768"
714;115;"WENDY";"HARRISON";"WENDY.HARRISON@sakilacustomer.org";1;"2006-02-14 22:04:36";"1107 Nakhon Sawan Avenue";"Mxico";"Nezahualcyotl";"Mexico";"75149";"867546627903"
715;116;"VICTORIA";"GIBSON";"VICTORIA.GIBSON@sakilacustomer.org";1;"2006-02-14 22:04:36";"544 Malm Parkway";"Central Java";"Pemalang";"Indonesia";"63502";"386759646229"
716;117;"EDITH";"MCDONALD";"EDITH.MCDONALD@sakilacustomer.org";1;"2006-02-14 22:04:36";"1967 Sincelejo Place";"Gujarat";"Gandhinagar";"India";"73644";"577812616052"
717;118;"KIM";"CRUZ";"KIM.CRUZ@sakilacustomer.org";1;"2006-02-14 22:04:36";"333 Goinia Way";"Texas";"Grand Prairie";"United States";"78625";"909029256431"
718;119;"SHERRY";"MARSHALL";"SHERRY.MARSHALL@sakilacustomer.org";1;"2006-02-14 22:04:36";"1987 Coacalco de Berriozbal Loop";"al-Qalyubiya";"Shubra al-Khayma";"Egypt";"96065";"787654415858"
719;120;"SYLVIA";"ORTIZ";"SYLVIA.ORTIZ@sakilacustomer.org";1;"2006-02-14 22:04:36";"241 Mosul Lane";"Risaralda";"Dos Quebradas";"Colombia";"76157";"765345144779"
720;121;"JOSEPHINE";"GOMEZ";"JOSEPHINE.GOMEZ@sakilacustomer.org";1;"2006-02-14 22:04:36";"211 Chiayi Drive";"Uttar Pradesh";"Etawah";"India";"58186";"665993880048"
721;122;"THELMA";"MURRAY";"THELMA.MURRAY@sakilacustomer.org";1;"2006-02-14 22:04:36";"1175 Tanauan Way";"Lima";"Lima";"Peru";"64615";"937222955822"
722;123;"SHANNON";"FREEMAN";"SHANNON.FREEMAN@sakilacustomer.org";1;"2006-02-14 22:04:36";"117 Boa Vista Way";"Uttar Pradesh";"Varanasi (Benares)";"India";"6804";"677976133614"
723;124;"SHEILA";"WELLS";"SHEILA.WELLS@sakilacustomer.org";0;"2006-02-14 22:04:36";"848 Tafuna Manor";"Ktahya";"Ktahya";"Turkey";"45142";"614935229095"
724;125;"ETHEL";"WEBB";"ETHEL.WEBB@sakilacustomer.org";1;"2006-02-14 22:04:36";"569 Baicheng Lane";"Gauteng";"Boksburg";"South Africa";"60304";"490211944645"
725;126;"ELLEN";"SIMPSON";"ELLEN.SIMPSON@sakilacustomer.org";1;"2006-02-14 22:04:36";"1666 Qomsheh Drive";"So Paulo";"Po";"Brazil";"66255";"582835362905"
726;127;"ELAINE";"STEVENS";"ELAINE.STEVENS@sakilacustomer.org";1;"2006-02-14 22:04:36";"801 Hagonoy Drive";"Smolensk";"Smolensk";"Russian Federation";"8439";"237426099212"
727;128;"MARJORIE";"TUCKER";"MARJORIE.TUCKER@sakilacustomer.org";1;"2006-02-14 22:04:36";"1050 Garden Grove Avenue";"Slaskie";"Jastrzebie-Zdrj";"Poland";"4999";"973047364353"
728;129;"CARRIE";"PORTER";"CARRIE.PORTER@sakilacustomer.org";1;"2006-02-14 22:04:36";"1854 Tieli Street";"Shandong";"Liaocheng";"China";"15819";"509492324775"
729;130;"CHARLOTTE";"HUNTER";"CHARLOTTE.HUNTER@sakilacustomer.org";1;"2006-02-14 22:04:36";"758 Junan Lane";"Gois";"guas Lindas de Gois";"Brazil";"82639";"935448624185"
730;131;"MONICA";"HICKS";"MONICA.HICKS@sakilacustomer.org";1;"2006-02-14 22:04:36";"1752 So Leopoldo Parkway";"Taka-Karpatia";"Mukateve";"Ukraine";"14014";"252265130067"
731;132;"ESTHER";"CRAWFORD";"ESTHER.CRAWFORD@sakilacustomer.org";1;"2006-02-14 22:04:36";"898 Belm Manor";"Free State";"Botshabelo";"South Africa";"49757";"707169393853"
732;133;"PAULINE";"HENRY";"PAULINE.HENRY@sakilacustomer.org";1;"2006-02-14 22:04:36";"261 Saint Louis Way";"Coahuila de Zaragoza";"Torren";"Mexico";"83401";"321944036800"
733;134;"EMMA";"BOYD";"EMMA.BOYD@sakilacustomer.org";1;"2006-02-14 22:04:36";"765 Southampton Drive";"al-Qalyubiya";"Qalyub";"Egypt";"4285";"23712411567"
734;135;"JUANITA";"MASON";"JUANITA.MASON@sakilacustomer.org";1;"2006-02-14 22:04:36";"943 Johannesburg Avenue";"Maharashtra";"Pune";"India";"5892";"90921003005"
735;136;"ANITA";"MORALES";"ANITA.MORALES@sakilacustomer.org";1;"2006-02-14 22:04:36";"788 Atinsk Street";"Karnataka";"Hubli-Dharwad";"India";"81691";"146497509724"
736;137;"RHONDA";"KENNEDY";"RHONDA.KENNEDY@sakilacustomer.org";1;"2006-02-14 22:04:36";"1749 Daxian Place";"Gelderland";"Apeldoorn";"Netherlands";"11044";"963369996279"
737;138;"HAZEL";"WARREN";"HAZEL.WARREN@sakilacustomer.org";1;"2006-02-14 22:04:36";"1587 Sullana Lane";"Inner Mongolia";"Hohhot";"China";"85769";"468060467018"
738;139;"AMBER";"DIXON";"AMBER.DIXON@sakilacustomer.org";1;"2006-02-14 22:04:36";"1029 Dzerzinsk Manor";"Ynlin";"Touliu";"Taiwan";"57519";"33173584456"
739;140;"EVA";"RAMOS";"EVA.RAMOS@sakilacustomer.org";1;"2006-02-14 22:04:36";"1666 Beni-Mellal Place";"Tennessee";"Clarksville";"United States";"13377";"9099941466"
740;141;"DEBBIE";"REYES";"DEBBIE.REYES@sakilacustomer.org";1;"2006-02-14 22:04:36";"928 Jaffna Loop";"Hiroshima";"Fukuyama";"Japan";"93762";"581852137991"
741;142;"APRIL";"BURNS";"APRIL.BURNS@sakilacustomer.org";1;"2006-02-14 22:04:36";"483 Ljubertsy Parkway";"Scotland";"Dundee";"United Kingdom";"60562";"581174211853"
742;143;"LESLIE";"GORDON";"LESLIE.GORDON@sakilacustomer.org";1;"2006-02-14 22:04:36";"374 Bat Yam Boulevard";"Kilis";"Kilis";"Turkey";"97700";"923261616249"
743;144;"CLARA";"SHAW";"CLARA.SHAW@sakilacustomer.org";1;"2006-02-14 22:04:36";"1027 Songkhla Manor";"Minsk";"Molodetno";"Belarus";"30861";"563660187896"
744;145;"LUCILLE";"HOLMES";"LUCILLE.HOLMES@sakilacustomer.org";1;"2006-02-14 22:04:36";"999 Sanaa Loop";"Gauteng";"Soshanguve";"South Africa";"3439";"918032330119"
745;146;"JAMIE";"RICE";"JAMIE.RICE@sakilacustomer.org";1;"2006-02-14 22:04:36";"879 Newcastle Way";"Michigan";"Sterling Heights";"United States";"90732";"206841104594"
746;147;"JOANNE";"ROBERTSON";"JOANNE.ROBERTSON@sakilacustomer.org";1;"2006-02-14 22:04:36";"1337 Lincoln Parkway";"Saitama";"Urawa";"Japan";"99457";"597815221267"
747;148;"ELEANOR";"HUNT";"ELEANOR.HUNT@sakilacustomer.org";1;"2006-02-14 22:04:36";"1952 Pune Lane";"Saint-Denis";"Saint-Denis";"Runion";"92150";"354615066969"
748;149;"VALERIE";"BLACK";"VALERIE.BLACK@sakilacustomer.org";1;"2006-02-14 22:04:36";"782 Mosul Street";"Massachusetts";"Brockton";"United States";"25545";"885899703621"
749;150;"DANIELLE";"DANIELS";"DANIELLE.DANIELS@sakilacustomer.org";1;"2006-02-14 22:04:36";"781 Shimonoseki Drive";"Michoacn de Ocampo";"Hidalgo";"Mexico";"95444";"632316273199"
750;151;"MEGAN";"PALMER";"MEGAN.PALMER@sakilacustomer.org";1;"2006-02-14 22:04:36";"1560 Jelets Boulevard";"Shandong";"Laiwu";"China";"77777";"189446090264"
751;152;"ALICIA";"MILLS";"ALICIA.MILLS@sakilacustomer.org";1;"2006-02-14 22:04:36";"1963 Moscow Place";"Assam";"Nagaon";"India";"64863";"761379480249"
752;153;"SUZANNE";"NICHOLS";"SUZANNE.NICHOLS@sakilacustomer.org";1;"2006-02-14 22:04:36";"456 Escobar Way";"Jakarta Raya";"Jakarta";"Indonesia";"36061";"719202533520"
753;154;"MICHELE";"GRANT";"MICHELE.GRANT@sakilacustomer.org";1;"2006-02-14 22:04:36";"798 Cianjur Avenue";"Shanxi";"Yuncheng";"China";"76990";"499408708580"
754;155;"GAIL";"KNIGHT";"GAIL.KNIGHT@sakilacustomer.org";1;"2006-02-14 22:04:36";"185 Novi Sad Place";"Bern";"Bern";"Switzerland";"41778";"904253967161"
755;156;"BERTHA";"FERGUSON";"BERTHA.FERGUSON@sakilacustomer.org";1;"2006-02-14 22:04:36";"1367 Yantai Manor";"Ondo & Ekiti";"Ondo";"Nigeria";"21294";"889538496300"
756;157;"DARLENE";"ROSE";"DARLENE.ROSE@sakilacustomer.org";1;"2006-02-14 22:04:36";"1386 Nakhon Sawan Boulevard";"Pyongyang-si";"Pyongyang";"North Korea";"53502";"368899174225"
757;158;"VERONICA";"STONE";"VERONICA.STONE@sakilacustomer.org";1;"2006-02-14 22:04:36";"369 Papeete Way";"North Carolina";"Greensboro";"United States";"66639";"170117068815"
758;159;"JILL";"HAWKINS";"JILL.HAWKINS@sakilacustomer.org";1;"2006-02-14 22:04:36";"1440 Compton Place";"North Austria";"Linz";"Austria";"81037";"931059836497"
759;160;"ERIN";"DUNN";"ERIN.DUNN@sakilacustomer.org";1;"2006-02-14 22:04:36";"1623 Baha Blanca Manor";"Moskova";"Ljubertsy";"Russian Federation";"81511";"149981248346"
760;161;"GERALDINE";"PERKINS";"GERALDINE.PERKINS@sakilacustomer.org";1;"2006-02-14 22:04:36";"97 Shimoga Avenue";"Tel Aviv";"Tel Aviv-Jaffa";"Israel";"44660";"177167004331"
761;162;"LAUREN";"HUDSON";"LAUREN.HUDSON@sakilacustomer.org";1;"2006-02-14 22:04:36";"1740 Le Mans Loop";"Pays de la Loire";"Le Mans";"France";"22853";"168476538960"
762;163;"CATHY";"SPENCER";"CATHY.SPENCER@sakilacustomer.org";1;"2006-02-14 22:04:36";"1287 Xiangfan Boulevard";"Gifu";"Kakamigahara";"Japan";"57844";"819416131190"
763;164;"JOANN";"GARDNER";"JOANN.GARDNER@sakilacustomer.org";1;"2006-02-14 22:04:36";"842 Salzburg Lane";"Adana";"Tarsus";"Turkey";"3313";"697151428760"
764;165;"LORRAINE";"STEPHENS";"LORRAINE.STEPHENS@sakilacustomer.org";1;"2006-02-14 22:04:36";"154 Tallahassee Loop";"Xinxiang";"Hami";"China";"62250";"935508855935"
765;166;"LYNN";"PAYNE";"LYNN.PAYNE@sakilacustomer.org";1;"2006-02-14 22:04:36";"710 San Felipe del Progreso Avenue";"Lilongwe";"Lilongwe";"Malawi";"76901";"843801144113"
766;167;"SALLY";"PIERCE";"SALLY.PIERCE@sakilacustomer.org";1;"2006-02-14 22:04:36";"1540 Wroclaw Drive";"Maharashtra";"Chandrapur";"India";"62686";"182363341674"
767;168;"REGINA";"BERRY";"REGINA.BERRY@sakilacustomer.org";1;"2006-02-14 22:04:36";"475 Atinsk Way";"Gansu";"Jinchang";"China";"59571";"201705577290"
768;169;"ERICA";"MATTHEWS";"ERICA.MATTHEWS@sakilacustomer.org";0;"2006-02-14 22:04:36";"1294 Firozabad Drive";"Jiangxi";"Pingxiang";"China";"70618";"161801569569"
769;170;"BEATRICE";"ARNOLD";"BEATRICE.ARNOLD@sakilacustomer.org";1;"2006-02-14 22:04:36";"1877 Ezhou Lane";"Rajasthan";"Udaipur";"India";"63337";"264541743403"
770;171;"DOLORES";"WAGNER";"DOLORES.WAGNER@sakilacustomer.org";1;"2006-02-14 22:04:36";"316 Uruapan Street";"Perak";"Ipoh";"Malaysia";"58194";"275788967899"
771;172;"BERNICE";"WILLIS";"BERNICE.WILLIS@sakilacustomer.org";1;"2006-02-14 22:04:36";"29 Pyongyang Loop";"Batman";"Batman";"Turkey";"47753";"734780743462"
772;173;"AUDREY";"RAY";"AUDREY.RAY@sakilacustomer.org";1;"2006-02-14 22:04:36";"1010 Klerksdorp Way";"Steiermark";"Graz";"Austria";"6802";"493008546874"
773;174;"YVONNE";"WATKINS";"YVONNE.WATKINS@sakilacustomer.org";1;"2006-02-14 22:04:36";"1848 Salala Boulevard";"Miranda";"Ocumare del Tuy";"Venezuela";"25220";"48265851133"
774;175;"ANNETTE";"OLSON";"ANNETTE.OLSON@sakilacustomer.org";1;"2006-02-14 22:04:36";"431 Xiangtan Avenue";"Kerala";"Allappuzha (Alleppey)";"India";"4854";"230250973122"
775;176;"JUNE";"CARROLL";"JUNE.CARROLL@sakilacustomer.org";1;"2006-02-14 22:04:36";"757 Rustenburg Avenue";"Skikda";"Skikda";"Algeria";"89668";"506134035434"
776;177;"SAMANTHA";"DUNCAN";"SAMANTHA.DUNCAN@sakilacustomer.org";1;"2006-02-14 22:04:36";"146 Johannesburg Way";"Tamaulipas";"Matamoros";"Mexico";"54132";"953689007081"
777;178;"MARION";"SNYDER";"MARION.SNYDER@sakilacustomer.org";1;"2006-02-14 22:04:36";"1891 Rizhao Boulevard";"So Paulo";"Santa Brbara dOeste";"Brazil";"47288";"391065549876"
778;179;"DANA";"HART";"DANA.HART@sakilacustomer.org";1;"2006-02-14 22:04:36";"1089 Iwatsuki Avenue";"Kirov";"Kirovo-Tepetsk";"Russian Federation";"35109";"866092335135"
779;180;"STACY";"CUNNINGHAM";"STACY.CUNNINGHAM@sakilacustomer.org";1;"2006-02-14 22:04:36";"1410 Benin City Parkway";"Risaralda";"Pereira";"Colombia";"29747";"104150372603"
780;181;"ANA";"BRADLEY";"ANA.BRADLEY@sakilacustomer.org";1;"2006-02-14 22:04:36";"682 Garden Grove Place";"Tennessee";"Memphis";"United States";"67497";"72136330362"
781;182;"RENEE";"LANE";"RENEE.LANE@sakilacustomer.org";1;"2006-02-14 22:04:36";"533 al-Ayn Boulevard";"California";"Compton";"United States";"8862";"662227486184"
782;183;"IDA";"ANDREWS";"IDA.ANDREWS@sakilacustomer.org";1;"2006-02-14 22:04:36";"1839 Szkesfehrvr Parkway";"Gois";"Luzinia";"Brazil";"55709";"947468818183"
783;184;"VIVIAN";"RUIZ";"VIVIAN.RUIZ@sakilacustomer.org";1;"2006-02-14 22:04:36";"741 Ambattur Manor";"Noord-Brabant";"s-Hertogenbosch";"Netherlands";"43310";"302590383819"
784;185;"ROBERTA";"HARPER";"ROBERTA.HARPER@sakilacustomer.org";1;"2006-02-14 22:04:36";"927 Barcelona Street";"Chaharmahal va Bakht";"Shahr-e Kord";"Iran";"65121";"951486492670"
785;186;"HOLLY";"FOX";"HOLLY.FOX@sakilacustomer.org";1;"2006-02-14 22:04:36";"435 0 Way";"West Bengali";"Haldia";"India";"74750";"760171523969"
786;187;"BRITTANY";"RILEY";"BRITTANY.RILEY@sakilacustomer.org";1;"2006-02-14 22:04:36";"140 Chiayi Parkway";"Sumy";"Sumy";"Ukraine";"38982";"855863906434"
787;188;"MELANIE";"ARMSTRONG";"MELANIE.ARMSTRONG@sakilacustomer.org";1;"2006-02-14 22:04:36";"1166 Changhwa Street";"Caraga";"Bayugan";"Philippines";"58852";"650752094490"
788;189;"LORETTA";"CARPENTER";"LORETTA.CARPENTER@sakilacustomer.org";1;"2006-02-14 22:04:36";"891 Novi Sad Manor";"Ontario";"Oshawa";"Canada";"5379";"247646995453"
789;190;"YOLANDA";"WEAVER";"YOLANDA.WEAVER@sakilacustomer.org";1;"2006-02-14 22:04:36";"605 Rio Claro Parkway";"Tabora";"Tabora";"Tanzania";"49348";"352469351088"
790;191;"JEANETTE";"GREENE";"JEANETTE.GREENE@sakilacustomer.org";1;"2006-02-14 22:04:36";"1077 San Felipe de Puerto Plata Place";"Rostov-na-Donu";"Novoterkassk";"Russian Federation";"65387";"812824036424"
791;192;"LAURIE";"LAWRENCE";"LAURIE.LAWRENCE@sakilacustomer.org";1;"2006-02-14 22:04:36";"9 San Miguel de Tucumn Manor";"Uttar Pradesh";"Firozabad";"India";"90845";"956188728558"
792;193;"KATIE";"ELLIOTT";"KATIE.ELLIOTT@sakilacustomer.org";1;"2006-02-14 22:04:36";"447 Surakarta Loop";"Nyanza";"Kisumu";"Kenya";"10428";"940830176580"
793;194;"KRISTEN";"CHAVEZ";"KRISTEN.CHAVEZ@sakilacustomer.org";1;"2006-02-14 22:04:36";"345 Oshawa Boulevard";"Tokyo-to";"Hino";"Japan";"32114";"104491201771"
794;195;"VANESSA";"SIMS";"VANESSA.SIMS@sakilacustomer.org";1;"2006-02-14 22:04:36";"1792 Valle de la Pascua Place";"Nordrhein-Westfalen";"Siegen";"Germany";"15540";"419419591240"
795;196;"ALMA";"AUSTIN";"ALMA.AUSTIN@sakilacustomer.org";1;"2006-02-14 22:04:36";"1074 Binzhou Manor";"Baden-Wrttemberg";"Mannheim";"Germany";"36490";"331132568928"
796;197;"SUE";"PETERS";"SUE.PETERS@sakilacustomer.org";1;"2006-02-14 22:04:36";"817 Bradford Loop";"Jiangsu";"Changzhou";"China";"89459";"264286442804"
797;198;"ELSIE";"KELLEY";"ELSIE.KELLEY@sakilacustomer.org";1;"2006-02-14 22:04:36";"955 Bamenda Way";"Ondo & Ekiti";"Ikerre";"Nigeria";"1545";"768481779568"
798;199;"BETH";"FRANKLIN";"BETH.FRANKLIN@sakilacustomer.org";1;"2006-02-14 22:04:36";"1149 A Corua (La Corua) Boulevard";"Haiphong";"Haiphong";"Vietnam";"95824";"470884141195"
799;200;"JEANNE";"LAWSON";"JEANNE.LAWSON@sakilacustomer.org";1;"2006-02-14 22:04:36";"387 Mwene-Ditu Drive";"Ahal";"Ashgabat";"Turkmenistan";"8073";"764477681869"
800;201;"VICKI";"FIELDS";"VICKI.FIELDS@sakilacustomer.org";1;"2006-02-14 22:04:36";"68 Molodetno Manor";"Nordrhein-Westfalen";"Witten";"Germany";"4662";"146640639760"
801;202;"CARLA";"GUTIERREZ";"CARLA.GUTIERREZ@sakilacustomer.org";1;"2006-02-14 22:04:36";"642 Nador Drive";"Maharashtra";"Bhusawal";"India";"3924";"369050085652"
802;203;"TARA";"RYAN";"TARA.RYAN@sakilacustomer.org";1;"2006-02-14 22:04:36";"1688 Nador Lane";"Sulawesi Utara";"Gorontalo";"Indonesia";"61613";"652218196731"
803;204;"ROSEMARY";"SCHMIDT";"ROSEMARY.SCHMIDT@sakilacustomer.org";1;"2006-02-14 22:04:36";"1215 Pyongyang Parkway";"Usak";"Usak";"Turkey";"25238";"646237101779"
804;205;"EILEEN";"CARR";"EILEEN.CARR@sakilacustomer.org";1;"2006-02-14 22:04:36";"1679 Antofagasta Street";"Alto Paran";"Ciudad del Este";"Paraguay";"86599";"905903574913"
805;206;"TERRI";"VASQUEZ";"TERRI.VASQUEZ@sakilacustomer.org";1;"2006-02-14 22:04:36";"1304 s-Hertogenbosch Way";"Santa Catarina";"Blumenau";"Brazil";"10925";"90336226227"
806;207;"GERTRUDE";"CASTILLO";"GERTRUDE.CASTILLO@sakilacustomer.org";1;"2006-02-14 22:04:36";"850 Salala Loop";"Kitaa";"Nuuk";"Greenland";"10800";"403404780639"
807;208;"LUCY";"WHEELER";"LUCY.WHEELER@sakilacustomer.org";1;"2006-02-14 22:04:36";"624 Oshawa Boulevard";"West Bengali";"Balurghat";"India";"89959";"49677664184"
808;209;"TONYA";"CHAPMAN";"TONYA.CHAPMAN@sakilacustomer.org";1;"2006-02-14 22:04:36";"43 Dadu Avenue";"Rajasthan";"Bhilwara";"India";"4855";"95666951770"
809;210;"ELLA";"OLIVER";"ELLA.OLIVER@sakilacustomer.org";1;"2006-02-14 22:04:36";"751 Lima Loop";"Aden";"Aden";"Yemen";"99405";"756460337785"
810;211;"STACEY";"MONTGOMERY";"STACEY.MONTGOMERY@sakilacustomer.org";1;"2006-02-14 22:04:36";"1333 Haldia Street";"Jilin";"Fuyu";"China";"82161";"408304391718"
811;212;"WILMA";"RICHARDS";"WILMA.RICHARDS@sakilacustomer.org";1;"2006-02-14 22:04:36";"660 Jedda Boulevard";"Washington";"Bellevue";"United States";"25053";"168758068397"
812;213;"GINA";"WILLIAMSON";"GINA.WILLIAMSON@sakilacustomer.org";1;"2006-02-14 22:04:36";"1001 Miyakonojo Lane";"Taizz";"Taizz";"Yemen";"67924";"584316724815"
813;214;"KRISTIN";"JOHNSTON";"KRISTIN.JOHNSTON@sakilacustomer.org";1;"2006-02-14 22:04:36";"226 Brest Manor";"California";"Sunnyvale";"United States";"2299";"785881412500"
814;215;"JESSIE";"BANKS";"JESSIE.BANKS@sakilacustomer.org";1;"2006-02-14 22:04:36";"1229 Valencia Parkway";"Haskovo";"Stara Zagora";"Bulgaria";"99124";"352679173732"
815;216;"NATALIE";"MEYER";"NATALIE.MEYER@sakilacustomer.org";1;"2006-02-14 22:04:36";"1201 Qomsheh Manor";"Gois";"Aparecida de Goinia";"Brazil";"21464";"873492228462"
816;217;"AGNES";"BISHOP";"AGNES.BISHOP@sakilacustomer.org";1;"2006-02-14 22:04:36";"866 Shivapuri Manor";"Uttar Pradesh";"Sambhal";"India";"22474";"778502731092"
817;218;"VERA";"MCCOY";"VERA.MCCOY@sakilacustomer.org";1;"2006-02-14 22:04:36";"1168 Najafabad Parkway";"Kabol";"Kabul";"Afghanistan";"40301";"886649065861"
818;219;"WILLIE";"HOWELL";"WILLIE.HOWELL@sakilacustomer.org";1;"2006-02-14 22:04:36";"1244 Allappuzha (Alleppey) Place";"Buenos Aires";"Vicente Lpez";"Argentina";"20657";"991802825778"
819;220;"CHARLENE";"ALVAREZ";"CHARLENE.ALVAREZ@sakilacustomer.org";1;"2006-02-14 22:04:36";"1842 Luzinia Boulevard";"Zanzibar West";"Zanzibar";"Tanzania";"94420";"706878974831"
820;221;"BESSIE";"MORRISON";"BESSIE.MORRISON@sakilacustomer.org";1;"2006-02-14 22:04:36";"1926 Gingoog Street";"Sisilia";"Syrakusa";"Italy";"22824";"469738825391"
821;222;"DELORES";"HANSEN";"DELORES.HANSEN@sakilacustomer.org";1;"2006-02-14 22:04:36";"810 Palghat (Palakkad) Boulevard";"Jaroslavl";"Jaroslavl";"Russian Federation";"73431";"516331171356"
822;223;"MELINDA";"FERNANDEZ";"MELINDA.FERNANDEZ@sakilacustomer.org";1;"2006-02-14 22:04:36";"1820 Maring Parkway";"Punjab";"Mandi Bahauddin";"Pakistan";"88307";"99760893676"
823;224;"PEARL";"GARZA";"PEARL.GARZA@sakilacustomer.org";1;"2006-02-14 22:04:36";"60 Poos de Caldas Street";"Rajasthan";"Jodhpur";"India";"82338";"963063788669"
824;225;"ARLENE";"HARVEY";"ARLENE.HARVEY@sakilacustomer.org";1;"2006-02-14 22:04:36";"1014 Loja Manor";"Tamil Nadu";"Ambattur";"India";"66851";"460795526514"
825;226;"MAUREEN";"LITTLE";"MAUREEN.LITTLE@sakilacustomer.org";1;"2006-02-14 22:04:36";"201 Effon-Alaiye Way";"Asuncin";"Asuncin";"Paraguay";"64344";"684192903087"
826;227;"COLLEEN";"BURTON";"COLLEEN.BURTON@sakilacustomer.org";1;"2006-02-14 22:04:36";"430 Alessandria Loop";"Saarland";"Saarbrcken";"Germany";"47446";"669828224459"
827;228;"ALLISON";"STANLEY";"ALLISON.STANLEY@sakilacustomer.org";1;"2006-02-14 22:04:36";"754 Valencia Place";"Phnom Penh";"Phnom Penh";"Cambodia";"87911";"594319417514"
828;229;"TAMARA";"NGUYEN";"TAMARA.NGUYEN@sakilacustomer.org";1;"2006-02-14 22:04:36";"356 Olomouc Manor";"Gois";"Anpolis";"Brazil";"93323";"22326410776"
829;230;"JOY";"GEORGE";"JOY.GEORGE@sakilacustomer.org";1;"2006-02-14 22:04:36";"1256 Bislig Boulevard";"Botosani";"Botosani";"Romania";"50598";"479007229460"
830;231;"GEORGIA";"JACOBS";"GEORGIA.JACOBS@sakilacustomer.org";1;"2006-02-14 22:04:36";"954 Kimchon Place";"West Bengali";"Uttarpara-Kotrung";"India";"42420";"541327526474"
831;232;"CONSTANCE";"REID";"CONSTANCE.REID@sakilacustomer.org";1;"2006-02-14 22:04:36";"885 Yingkou Manor";"Kaduna";"Zaria";"Nigeria";"31390";"588964509072"
832;233;"LILLIE";"KIM";"LILLIE.KIM@sakilacustomer.org";1;"2006-02-14 22:04:36";"1736 Cavite Place";"Qina";"Idfu";"Egypt";"98775";"431770603551"
833;234;"CLAUDIA";"FULLER";"CLAUDIA.FULLER@sakilacustomer.org";1;"2006-02-14 22:04:36";"346 Skikda Parkway";"Hawalli";"Jalib al-Shuyukh";"Kuwait";"90628";"630424482919"
834;235;"JACKIE";"LYNCH";"JACKIE.LYNCH@sakilacustomer.org";1;"2006-02-14 22:04:36";"98 Stara Zagora Boulevard";"Valle";"Buenaventura";"Colombia";"76448";"610173756082"
835;236;"MARCIA";"DEAN";"MARCIA.DEAN@sakilacustomer.org";1;"2006-02-14 22:04:36";"1479 Rustenburg Boulevard";"Southern Tagalog";"Tanza";"Philippines";"18727";"727785483194"
836;237;"TANYA";"GILBERT";"TANYA.GILBERT@sakilacustomer.org";1;"2006-02-14 22:04:36";"647 A Corua (La Corua) Street";"Chollanam";"Naju";"South Korea";"36971";"792557457753"
837;238;"NELLIE";"GARRETT";"NELLIE.GARRETT@sakilacustomer.org";1;"2006-02-14 22:04:36";"1964 Gijn Manor";"Karnataka";"Shimoga";"India";"14408";"918119601885"
838;239;"MINNIE";"ROMERO";"MINNIE.ROMERO@sakilacustomer.org";1;"2006-02-14 22:04:36";"47 Syktyvkar Lane";"West Java";"Ciomas";"Indonesia";"22236";"63937119031"
839;240;"MARLENE";"WELCH";"MARLENE.WELCH@sakilacustomer.org";1;"2006-02-14 22:04:36";"1148 Saarbrcken Parkway";"Fukushima";"Iwaki";"Japan";"1921";"137773001988"
840;241;"HEIDI";"LARSON";"HEIDI.LARSON@sakilacustomer.org";0;"2006-02-14 22:04:36";"1103 Bilbays Parkway";"Hubei";"Xiangfan";"China";"87660";"279979529227"
841;242;"GLENDA";"FRAZIER";"GLENDA.FRAZIER@sakilacustomer.org";1;"2006-02-14 22:04:36";"1246 Boksburg Parkway";"Hebei";"Qinhuangdao";"China";"28349";"890283544295"
842;243;"LYDIA";"BURKE";"LYDIA.BURKE@sakilacustomer.org";1;"2006-02-14 22:04:36";"1483 Pathankot Street";"Tucumn";"San Miguel de Tucumn";"Argentina";"37288";"686015532180"
843;244;"VIOLA";"HANSON";"VIOLA.HANSON@sakilacustomer.org";1;"2006-02-14 22:04:36";"582 Papeete Loop";"Central Visayas";"Lapu-Lapu";"Philippines";"27722";"569868543137"
844;245;"COURTNEY";"DAY";"COURTNEY.DAY@sakilacustomer.org";1;"2006-02-14 22:04:36";"300 Junan Street";"Kyonggi";"Uijongbu";"South Korea";"81314";"890289150158"
845;246;"MARIAN";"MENDOZA";"MARIAN.MENDOZA@sakilacustomer.org";1;"2006-02-14 22:04:36";"829 Grand Prairie Way";"Paran";"Maring";"Brazil";"6461";"741070712873"
846;247;"STELLA";"MORENO";"STELLA.MORENO@sakilacustomer.org";1;"2006-02-14 22:04:36";"1473 Changhwa Parkway";"Mxico";"Coacalco de Berriozbal";"Mexico";"75933";"266798132374"
847;248;"CAROLINE";"BOWMAN";"CAROLINE.BOWMAN@sakilacustomer.org";1;"2006-02-14 22:04:36";"1309 Weifang Street";"Florida";"Tallahassee";"United States";"57338";"435785045362"
848;249;"DORA";"MEDINA";"DORA.MEDINA@sakilacustomer.org";1;"2006-02-14 22:04:36";"1760 Oshawa Manor";"Tianjin";"Tianjin";"China";"38140";"56257502250"
849;250;"JO";"FOWLER";"JO.FOWLER@sakilacustomer.org";1;"2006-02-14 22:04:36";"786 Stara Zagora Way";"Oyo & Osun";"Oyo";"Nigeria";"98332";"716256596301"
850;251;"VICKIE";"BREWER";"VICKIE.BREWER@sakilacustomer.org";1;"2006-02-14 22:04:36";"1966 Tonghae Street";"Anhalt Sachsen";"Halle/Saale";"Germany";"36481";"567359279425"
851;252;"MATTIE";"HOFFMAN";"MATTIE.HOFFMAN@sakilacustomer.org";1;"2006-02-14 22:04:36";"1497 Yuzhou Drive";"England";"London";"United Kingdom";"3433";"246810237916"
852;253;"TERRY";"CARLSON";"TERRY.CARLSON@sakilacustomer.org";1;"2006-02-14 22:04:36";"752 Ondo Loop";"Miyazaki";"Miyakonojo";"Japan";"32474";"134673576619"
853;254;"MAXINE";"SILVA";"MAXINE.SILVA@sakilacustomer.org";1;"2006-02-14 22:04:36";"1338 Zalantun Lane";"Minas Gerais";"Poos de Caldas";"Brazil";"45403";"840522972766"
854;255;"IRMA";"PEARSON";"IRMA.PEARSON@sakilacustomer.org";1;"2006-02-14 22:04:36";"127 Iwakuni Boulevard";"Central Luzon";"Hagonoy";"Philippines";"20777";"987442542471"
855;256;"MABEL";"HOLLAND";"MABEL.HOLLAND@sakilacustomer.org";1;"2006-02-14 22:04:36";"51 Laredo Avenue";"Sagaing";"Monywa";"Myanmar";"68146";"884536620568"
856;257;"MARSHA";"DOUGLAS";"MARSHA.DOUGLAS@sakilacustomer.org";1;"2006-02-14 22:04:36";"771 Yaound Manor";"Sofala";"Beira";"Mozambique";"86768";"245477603573"
857;258;"MYRTLE";"FLEMING";"MYRTLE.FLEMING@sakilacustomer.org";1;"2006-02-14 22:04:36";"532 Toulon Street";"Santiago";"Santiago de los Caballeros";"Dominican Republic";"69517";"46871694740"
858;259;"LENA";"JENSEN";"LENA.JENSEN@sakilacustomer.org";1;"2006-02-14 22:04:36";"1027 Banjul Place";"West Bengali";"Halisahar";"India";"50390";"538241037443"
859;260;"CHRISTY";"VARGAS";"CHRISTY.VARGAS@sakilacustomer.org";1;"2006-02-14 22:04:36";"1158 Mandi Bahauddin Parkway";"Shanxi";"Datong";"China";"98484";"276555730211"
860;261;"DEANNA";"BYRD";"DEANNA.BYRD@sakilacustomer.org";1;"2006-02-14 22:04:36";"862 Xintai Lane";"Cagayan Valley";"Tuguegarao";"Philippines";"30065";"265153400632"
861;262;"PATSY";"DAVIDSON";"PATSY.DAVIDSON@sakilacustomer.org";1;"2006-02-14 22:04:36";"816 Cayenne Parkway";"Manab";"Portoviejo";"Ecuador";"93629";"282874611748"
862;263;"HILDA";"HOPKINS";"HILDA.HOPKINS@sakilacustomer.org";1;"2006-02-14 22:04:36";"1831 Nam Dinh Loop";"National Capital Reg";"Mandaluyong";"Philippines";"51990";"322888976727"
863;264;"GWENDOLYN";"MAY";"GWENDOLYN.MAY@sakilacustomer.org";1;"2006-02-14 22:04:36";"446 Kirovo-Tepetsk Lane";"Osaka";"Higashiosaka";"Japan";"19428";"303967439816"
864;265;"JENNIE";"TERRY";"JENNIE.TERRY@sakilacustomer.org";1;"2006-02-14 22:04:36";"682 Halisahar Place";"Severn Morava";"Olomouc";"Czech Republic";"20536";"475553436330"
865;266;"NORA";"HERRERA";"NORA.HERRERA@sakilacustomer.org";1;"2006-02-14 22:04:36";"1587 Loja Manor";"Salzburg";"Salzburg";"Austria";"5410";"621625204422"
866;267;"MARGIE";"WADE";"MARGIE.WADE@sakilacustomer.org";1;"2006-02-14 22:04:36";"1762 Paarl Parkway";"Hunan";"Lengshuijiang";"China";"53928";"192459639410"
867;268;"NINA";"SOTO";"NINA.SOTO@sakilacustomer.org";1;"2006-02-14 22:04:36";"1519 Ilorin Place";"Kerala";"Palghat (Palakkad)";"India";"49298";"357445645426"
868;269;"CASSANDRA";"WALTERS";"CASSANDRA.WALTERS@sakilacustomer.org";1;"2006-02-14 22:04:36";"920 Kumbakonam Loop";"California";"Salinas";"United States";"75090";"685010736240"
869;270;"LEAH";"CURTIS";"LEAH.CURTIS@sakilacustomer.org";1;"2006-02-14 22:04:36";"906 Goinia Way";"Wielkopolskie";"Kalisz";"Poland";"83565";"701767622697"
870;271;"PENNY";"NEAL";"PENNY.NEAL@sakilacustomer.org";0;"2006-02-14 22:04:36";"1675 Xiangfan Manor";"Tamil Nadu";"Kumbakonam";"India";"11763";"271149517630"
871;272;"KAY";"CALDWELL";"KAY.CALDWELL@sakilacustomer.org";1;"2006-02-14 22:04:37";"85 San Felipe de Puerto Plata Drive";"Shandong";"Yantai";"China";"46063";"170739645687"
872;273;"PRISCILLA";"LOWE";"PRISCILLA.LOWE@sakilacustomer.org";1;"2006-02-14 22:04:37";"144 South Hill Loop";"Guanajuato";"Salamanca";"Mexico";"2012";"45387294817"
873;274;"NAOMI";"JENNINGS";"NAOMI.JENNINGS@sakilacustomer.org";1;"2006-02-14 22:04:37";"1884 Shikarpur Avenue";"Haryana";"Karnal";"India";"85548";"959949395183"
874;275;"CAROLE";"BARNETT";"CAROLE.BARNETT@sakilacustomer.org";1;"2006-02-14 22:04:37";"1980 Kamjanets-Podilskyi Street";"Illinois";"Peoria";"United States";"89502";"874337098891"
875;276;"BRANDY";"GRAVES";"BRANDY.GRAVES@sakilacustomer.org";1;"2006-02-14 22:04:37";"1944 Bamenda Way";"Michigan";"Warren";"United States";"24645";"75975221996"
876;277;"OLGA";"JIMENEZ";"OLGA.JIMENEZ@sakilacustomer.org";1;"2006-02-14 22:04:37";"556 Baybay Manor";"Oyo & Osun";"Ogbomosho";"Nigeria";"55802";"363982224739"
877;278;"BILLIE";"HORTON";"BILLIE.HORTON@sakilacustomer.org";1;"2006-02-14 22:04:37";"457 Tongliao Loop";"Bursa";"Inegl";"Turkey";"56254";"880756161823"
878;279;"DIANNE";"SHELTON";"DIANNE.SHELTON@sakilacustomer.org";1;"2006-02-14 22:04:37";"600 Bradford Street";"East Azerbaidzan";"Tabriz";"Iran";"96204";"117592274996"
879;280;"TRACEY";"BARRETT";"TRACEY.BARRETT@sakilacustomer.org";1;"2006-02-14 22:04:37";"1006 Santa Brbara dOeste Manor";"Ondo & Ekiti";"Owo";"Nigeria";"36229";"85059738746"
880;281;"LEONA";"OBRIEN";"LEONA.OBRIEN@sakilacustomer.org";1;"2006-02-14 22:04:37";"1308 Sumy Loop";"Fujian";"Fuzhou";"China";"30657";"583021225407"
881;282;"JENNY";"CASTRO";"JENNY.CASTRO@sakilacustomer.org";1;"2006-02-14 22:04:37";"1405 Chisinau Place";"Ponce";"Ponce";"Puerto Rico";"8160";"62781725285"
882;283;"FELICIA";"SUTTON";"FELICIA.SUTTON@sakilacustomer.org";1;"2006-02-14 22:04:37";"226 Halifax Street";"Xinxiang";"Korla";"China";"58492";"790651020929"
883;284;"SONIA";"GREGORY";"SONIA.GREGORY@sakilacustomer.org";1;"2006-02-14 22:04:37";"1279 Udine Parkway";"Edo & Delta";"Benin City";"Nigeria";"75860";"195003555232"
884;285;"MIRIAM";"MCKINNEY";"MIRIAM.MCKINNEY@sakilacustomer.org";1;"2006-02-14 22:04:37";"1336 Benin City Drive";"Shiga";"Otsu";"Japan";"46044";"341242939532"
885;286;"VELMA";"LUCAS";"VELMA.LUCAS@sakilacustomer.org";1;"2006-02-14 22:04:37";"1155 Liaocheng Place";"Oyo & Osun";"Effon-Alaiye";"Nigeria";"22650";"558236142492"
886;287;"BECKY";"MILES";"BECKY.MILES@sakilacustomer.org";1;"2006-02-14 22:04:37";"1993 Tabuk Lane";"Tamil Nadu";"Tambaram";"India";"64221";"648482415405"
887;288;"BOBBIE";"CRAIG";"BOBBIE.CRAIG@sakilacustomer.org";1;"2006-02-14 22:04:37";"86 Higashiosaka Lane";"Guanajuato";"Valle de Santiago";"Mexico";"33768";"957128697225"
888;289;"VIOLET";"RODRIQUEZ";"VIOLET.RODRIQUEZ@sakilacustomer.org";1;"2006-02-14 22:04:37";"1912 Allende Manor";"Kowloon and New Kowl";"Kowloon and New Kowloon";"Hong Kong";"58124";"172262454487"
889;290;"KRISTINA";"CHAMBERS";"KRISTINA.CHAMBERS@sakilacustomer.org";1;"2006-02-14 22:04:37";"544 Tarsus Boulevard";"Gurico";"Valle de la Pascua";"Venezuela";"53145";"892523334"
890;291;"TONI";"HOLT";"TONI.HOLT@sakilacustomer.org";1;"2006-02-14 22:04:37";"1936 Cuman Avenue";"Virginia";"Roanoke";"United States";"61195";"976798660411"
891;292;"MISTY";"LAMBERT";"MISTY.LAMBERT@sakilacustomer.org";1;"2006-02-14 22:04:37";"1192 Tongliao Street";"Sharja";"Sharja";"United Arab Emirates";"19065";"350970907017"
892;293;"MAE";"FLETCHER";"MAE.FLETCHER@sakilacustomer.org";1;"2006-02-14 22:04:37";"44 Najafabad Way";"Baskimaa";"Donostia-San Sebastin";"Spain";"61391";"96604821070"
893;294;"SHELLY";"WATTS";"SHELLY.WATTS@sakilacustomer.org";1;"2006-02-14 22:04:37";"32 Pudukkottai Lane";"Ohio";"Dayton";"United States";"38834";"967274728547"
894;295;"DAISY";"BATES";"DAISY.BATES@sakilacustomer.org";1;"2006-02-14 22:04:37";"661 Chisinau Lane";"Pietari";"Kolpino";"Russian Federation";"8856";"816436065431"
895;296;"RAMONA";"HALE";"RAMONA.HALE@sakilacustomer.org";1;"2006-02-14 22:04:37";"951 Stara Zagora Manor";"Punjab";"Patiala";"India";"98573";"429925609431"
896;297;"SHERRI";"RHODES";"SHERRI.RHODES@sakilacustomer.org";1;"2006-02-14 22:04:37";"922 Vila Velha Loop";"Maharashtra";"Ahmadnagar";"India";"4085";"510737228015"
897;298;"ERIKA";"PENA";"ERIKA.PENA@sakilacustomer.org";1;"2006-02-14 22:04:37";"898 Jining Lane";"Pohjois-Pohjanmaa";"Oulu";"Finland";"40070";"161643343536"
898;299;"JAMES";"GANNON";"JAMES.GANNON@sakilacustomer.org";1;"2006-02-14 22:04:37";"1635 Kuwana Boulevard";"Hiroshima";"Hiroshima";"Japan";"52137";"710603868323"
899;300;"JOHN";"FARNSWORTH";"JOHN.FARNSWORTH@sakilacustomer.org";1;"2006-02-14 22:04:37";"41 El Alto Parkway";"Maharashtra";"Parbhani";"India";"56883";"51917807050"
900;301;"ROBERT";"BAUGHMAN";"ROBERT.BAUGHMAN@sakilacustomer.org";1;"2006-02-14 22:04:37";"1883 Maikop Lane";"Kaliningrad";"Kaliningrad";"Russian Federation";"68469";"96110042435"
901;302;"MICHAEL";"SILVERMAN";"MICHAEL.SILVERMAN@sakilacustomer.org";1;"2006-02-14 22:04:37";"1908 Gaziantep Place";"Liaoning";"Tiefa";"China";"58979";"108053751300"
902;303;"WILLIAM";"SATTERFIELD";"WILLIAM.SATTERFIELD@sakilacustomer.org";1;"2006-02-14 22:04:37";"687 Alessandria Parkway";"Sanaa";"Sanaa";"Yemen";"57587";"407218522294"
903;304;"DAVID";"ROYAL";"DAVID.ROYAL@sakilacustomer.org";1;"2006-02-14 22:04:37";"827 Yuncheng Drive";"Callao";"Callao";"Peru";"79047";"504434452842"
904;305;"RICHARD";"MCCRARY";"RICHARD.MCCRARY@sakilacustomer.org";1;"2006-02-14 22:04:37";"913 Coacalco de Berriozbal Loop";"Texas";"Arlington";"United States";"42141";"262088367001"
905;306;"CHARLES";"KOWALSKI";"CHARLES.KOWALSKI@sakilacustomer.org";1;"2006-02-14 22:04:37";"715 So Bernardo do Campo Lane";"Kedah";"Sungai Petani";"Malaysia";"84804";"181179321332"
906;307;"JOSEPH";"JOY";"JOSEPH.JOY@sakilacustomer.org";1;"2006-02-14 22:04:37";"1354 Siegen Street";"Rio de Janeiro";"Angra dos Reis";"Brazil";"80184";"573441801529"
907;308;"THOMAS";"GRIGSBY";"THOMAS.GRIGSBY@sakilacustomer.org";1;"2006-02-14 22:04:37";"1191 Sungai Petani Boulevard";"Missouri";"Kansas City";"United States";"9668";"983259819766"
908;309;"CHRISTOPHER";"GRECO";"CHRISTOPHER.GRECO@sakilacustomer.org";1;"2006-02-14 22:04:37";"1224 Huejutla de Reyes Boulevard";"Lombardia";"Brescia";"Italy";"70923";"806016930576"
909;310;"DANIEL";"CABRAL";"DANIEL.CABRAL@sakilacustomer.org";1;"2006-02-14 22:04:37";"543 Bergamo Avenue";"Minas Gerais";"Ibirit";"Brazil";"59686";"103602195112"
910;311;"PAUL";"TROUT";"PAUL.TROUT@sakilacustomer.org";1;"2006-02-14 22:04:37";"746 Joliet Lane";"Kursk";"Kursk";"Russian Federation";"94878";"688485191923"
911;312;"MARK";"RINEHART";"MARK.RINEHART@sakilacustomer.org";1;"2006-02-14 22:04:37";"780 Kimberley Way";"Tabuk";"Tabuk";"Saudi Arabia";"17032";"824396883951"
912;313;"DONALD";"MAHON";"DONALD.MAHON@sakilacustomer.org";1;"2006-02-14 22:04:37";"1774 Yaound Place";"Hubei";"Ezhou";"China";"91400";"613124286867"
913;314;"GEORGE";"LINTON";"GEORGE.LINTON@sakilacustomer.org";1;"2006-02-14 22:04:37";"1957 Yantai Lane";"So Paulo";"Sorocaba";"Brazil";"59255";"704948322302"
914;315;"KENNETH";"GOODEN";"KENNETH.GOODEN@sakilacustomer.org";0;"2006-02-14 22:04:37";"1542 Lubumbashi Boulevard";"Tel Aviv";"Bat Yam";"Israel";"62472";"508800331065"
915;316;"STEVEN";"CURLEY";"STEVEN.CURLEY@sakilacustomer.org";1;"2006-02-14 22:04:37";"651 Pathankot Loop";"Maharashtra";"Miraj";"India";"59811";"139378397418"
916;317;"EDWARD";"BAUGH";"EDWARD.BAUGH@sakilacustomer.org";1;"2006-02-14 22:04:37";"1359 Zhoushan Parkway";"Streymoyar";"Trshavn";"Faroe Islands";"29763";"46568045367"
917;318;"BRIAN";"WYMAN";"BRIAN.WYMAN@sakilacustomer.org";1;"2006-02-14 22:04:37";"1769 Iwaki Lane";"Kujawsko-Pomorskie";"Bydgoszcz";"Poland";"25787";"556100547674"
918;319;"RONALD";"WEINER";"RONALD.WEINER@sakilacustomer.org";1;"2006-02-14 22:04:37";"1145 Vilnius Manor";"Mxico";"San Felipe del Progreso";"Mexico";"73170";"674805712553"
919;320;"ANTHONY";"SCHWAB";"ANTHONY.SCHWAB@sakilacustomer.org";1;"2006-02-14 22:04:37";"1892 Nabereznyje Telny Lane";"Tutuila";"Tafuna";"American Samoa";"28396";"478229987054"
920;321;"KEVIN";"SCHULER";"KEVIN.SCHULER@sakilacustomer.org";1;"2006-02-14 22:04:37";"470 Boksburg Street";"Central";"Birgunj";"Nepal";"97960";"908029859266"
921;322;"JASON";"MORRISSEY";"JASON.MORRISSEY@sakilacustomer.org";1;"2006-02-14 22:04:37";"1427 A Corua (La Corua) Place";"Buenos Aires";"Baha Blanca";"Argentina";"85799";"972574862516"
922;323;"MATTHEW";"MAHAN";"MATTHEW.MAHAN@sakilacustomer.org";1;"2006-02-14 22:04:37";"479 San Felipe del Progreso Avenue";"Morelos";"Cuautla";"Mexico";"54949";"869051782691"
923;324;"GARY";"COY";"GARY.COY@sakilacustomer.org";1;"2006-02-14 22:04:37";"867 Benin City Avenue";"Henan";"Yuzhou";"China";"78543";"168884817145"
924;325;"TIMOTHY";"BUNN";"TIMOTHY.BUNN@sakilacustomer.org";1;"2006-02-14 22:04:37";"981 Kumbakonam Place";"Distrito Federal";"Braslia";"Brazil";"87611";"829116184079"
925;326;"JOSE";"ANDREW";"JOSE.ANDREW@sakilacustomer.org";1;"2006-02-14 22:04:37";"1016 Iwakuni Street";"St George";"Kingstown";"Saint Vincent and the Grenadines";"49833";"961370847344"
926;327;"LARRY";"THRASHER";"LARRY.THRASHER@sakilacustomer.org";1;"2006-02-14 22:04:37";"663 Baha Blanca Parkway";"Adana";"Adana";"Turkey";"33463";"834418779292"
927;328;"JEFFREY";"SPEAR";"JEFFREY.SPEAR@sakilacustomer.org";1;"2006-02-14 22:04:37";"1860 Taguig Loop";"West Java";"Ciparay";"Indonesia";"59550";"38158430589"
928;329;"FRANK";"WAGGONER";"FRANK.WAGGONER@sakilacustomer.org";1;"2006-02-14 22:04:37";"1816 Bydgoszcz Loop";"Dhaka";"Jamalpur";"Bangladesh";"64308";"965273813662"
929;330;"SCOTT";"SHELLEY";"SCOTT.SHELLEY@sakilacustomer.org";1;"2006-02-14 22:04:37";"587 Benguela Manor";"Illinois";"Aurora";"United States";"91590";"165450987037"
930;331;"ERIC";"ROBERT";"ERIC.ROBERT@sakilacustomer.org";1;"2006-02-14 22:04:37";"430 Kumbakonam Drive";"Santa F";"Santa F";"Argentina";"28814";"105470691550"
931;332;"STEPHEN";"QUALLS";"STEPHEN.QUALLS@sakilacustomer.org";1;"2006-02-14 22:04:37";"1838 Tabriz Lane";"Dhaka";"Dhaka";"Bangladesh";"1195";"38988715447"
932;333;"ANDREW";"PURDY";"ANDREW.PURDY@sakilacustomer.org";1;"2006-02-14 22:04:37";"431 Szkesfehrvr Avenue";"Baki";"Baku";"Azerbaijan";"57828";"119501405123"
933;334;"RAYMOND";"MCWHORTER";"RAYMOND.MCWHORTER@sakilacustomer.org";1;"2006-02-14 22:04:37";"503 Sogamoso Loop";"Sumqayit";"Sumqayit";"Azerbaijan";"49812";"834626715837"
934;335;"GREGORY";"MAULDIN";"GREGORY.MAULDIN@sakilacustomer.org";1;"2006-02-14 22:04:37";"507 Smolensk Loop";"Sousse";"Sousse";"Tunisia";"22971";"80303246192"
935;336;"JOSHUA";"MARK";"JOSHUA.MARK@sakilacustomer.org";1;"2006-02-14 22:04:37";"1920 Weifang Avenue";"Uttar Pradesh";"Rampur";"India";"15643";"869507847714"
936;337;"JERRY";"JORDON";"JERRY.JORDON@sakilacustomer.org";1;"2006-02-14 22:04:37";"124 al-Manama Way";"Hiroshima";"Onomichi";"Japan";"52368";"647899404952"
937;338;"DENNIS";"GILMAN";"DENNIS.GILMAN@sakilacustomer.org";1;"2006-02-14 22:04:37";"1443 Mardan Street";"Western Cape";"Paarl";"South Africa";"31483";"231383037471"
938;339;"WALTER";"PERRYMAN";"WALTER.PERRYMAN@sakilacustomer.org";1;"2006-02-14 22:04:37";"1909 Benguela Lane";"Henan";"Xinxiang";"China";"19913";"624138001031"
939;340;"PATRICK";"NEWSOM";"PATRICK.NEWSOM@sakilacustomer.org";1;"2006-02-14 22:04:37";"68 Ponce Parkway";"Hanoi";"Hanoi";"Vietnam";"85926";"870635127812"
940;341;"PETER";"MENARD";"PETER.MENARD@sakilacustomer.org";1;"2006-02-14 22:04:37";"1217 Konotop Avenue";"Gelderland";"Ede";"Netherlands";"504";"718917251754"
941;342;"HAROLD";"MARTINO";"HAROLD.MARTINO@sakilacustomer.org";1;"2006-02-14 22:04:37";"1293 Nam Dinh Way";"Roraima";"Boa Vista";"Brazil";"71583";"697656479977"
942;343;"DOUGLAS";"GRAF";"DOUGLAS.GRAF@sakilacustomer.org";1;"2006-02-14 22:04:37";"785 Vaduz Street";"Baja California";"Mexicali";"Mexico";"36170";"895616862749"
943;344;"HENRY";"BILLINGSLEY";"HENRY.BILLINGSLEY@sakilacustomer.org";1;"2006-02-14 22:04:37";"1516 Escobar Drive";"Tongatapu";"Nukualofa";"Tonga";"46069";"64536069371"
944;345;"CARL";"ARTIS";"CARL.ARTIS@sakilacustomer.org";1;"2006-02-14 22:04:37";"1628 Nagareyama Lane";"Central";"San Lorenzo";"Paraguay";"60079";"20064292617"
945;346;"ARTHUR";"SIMPKINS";"ARTHUR.SIMPKINS@sakilacustomer.org";1;"2006-02-14 22:04:37";"1157 Nyeri Loop";"Adygea";"Maikop";"Russian Federation";"56380";"262744791493"
946;347;"RYAN";"SALISBURY";"RYAN.SALISBURY@sakilacustomer.org";1;"2006-02-14 22:04:37";"1673 Tangail Drive";"Daugavpils";"Daugavpils";"Latvia";"26857";"627924259271"
947;348;"ROGER";"QUINTANILLA";"ROGER.QUINTANILLA@sakilacustomer.org";1;"2006-02-14 22:04:37";"381 Kabul Way";"Taipei";"Hsichuh";"Taiwan";"87272";"55477302294"
948;349;"JOE";"GILLILAND";"JOE.GILLILAND@sakilacustomer.org";1;"2006-02-14 22:04:37";"953 Hodeida Street";"Southern Tagalog";"Imus";"Philippines";"18841";"53912826864"
949;350;"JUAN";"FRALEY";"JUAN.FRALEY@sakilacustomer.org";1;"2006-02-14 22:04:37";"469 Nakhon Sawan Street";"Tuvassia";"Teboksary";"Russian Federation";"58866";"689199636560"
950;351;"JACK";"FOUST";"JACK.FOUST@sakilacustomer.org";1;"2006-02-14 22:04:37";"1378 Beira Loop";"Krasnojarsk";"Zeleznogorsk";"Russian Federation";"40792";"840957664136"
951;352;"ALBERT";"CROUSE";"ALBERT.CROUSE@sakilacustomer.org";1;"2006-02-14 22:04:37";"1641 Changhwa Place";"Nord-Ouest";"Bamenda";"Cameroon";"37636";"256546485220"
952;353;"JONATHAN";"SCARBOROUGH";"JONATHAN.SCARBOROUGH@sakilacustomer.org";1;"2006-02-14 22:04:37";"1698 Southport Loop";"Hidalgo";"Pachuca de Soto";"Mexico";"49009";"754358349853"
953;354;"JUSTIN";"NGO";"JUSTIN.NGO@sakilacustomer.org";1;"2006-02-14 22:04:37";"519 Nyeri Manor";"So Paulo";"Santo Andr";"Brazil";"37650";"764680915323"
954;355;"TERRY";"GRISSOM";"TERRY.GRISSOM@sakilacustomer.org";1;"2006-02-14 22:04:37";"619 Hunuco Avenue";"Shimane";"Matsue";"Japan";"81508";"142596392389"
955;356;"GERALD";"FULTZ";"GERALD.FULTZ@sakilacustomer.org";1;"2006-02-14 22:04:37";"45 Aparecida de Goinia Place";"Madhya Pradesh";"Satna";"India";"7431";"650496654258"
956;357;"KEITH";"RICO";"KEITH.RICO@sakilacustomer.org";1;"2006-02-14 22:04:37";"482 Kowloon and New Kowloon Manor";"Bratislava";"Bratislava";"Slovakia";"97056";"738968474939"
957;358;"SAMUEL";"MARLOW";"SAMUEL.MARLOW@sakilacustomer.org";1;"2006-02-14 22:04:37";"604 Bern Place";"Jharkhand";"Ranchi";"India";"5373";"620719383725"
958;359;"WILLIE";"MARKHAM";"WILLIE.MARKHAM@sakilacustomer.org";1;"2006-02-14 22:04:37";"1623 Kingstown Drive";"Buenos Aires";"Almirante Brown";"Argentina";"91299";"296394569728"
959;360;"RALPH";"MADRIGAL";"RALPH.MADRIGAL@sakilacustomer.org";1;"2006-02-14 22:04:37";"1009 Zanzibar Lane";"Arecibo";"Arecibo";"Puerto Rico";"64875";"102396298916"
960;361;"LAWRENCE";"LAWTON";"LAWRENCE.LAWTON@sakilacustomer.org";1;"2006-02-14 22:04:37";"114 Jalib al-Shuyukh Manor";"Centre";"Yaound";"Cameroon";"60440";"845378657301"
961;362;"NICHOLAS";"BARFIELD";"NICHOLAS.BARFIELD@sakilacustomer.org";1;"2006-02-14 22:04:37";"1163 London Parkway";"Par";"Belm";"Brazil";"6066";"675120358494"
962;363;"ROY";"WHITING";"ROY.WHITING@sakilacustomer.org";1;"2006-02-14 22:04:37";"1658 Jastrzebie-Zdrj Loop";"Central";"Nyeri";"Kenya";"96584";"568367775448"
963;364;"BENJAMIN";"VARNEY";"BENJAMIN.VARNEY@sakilacustomer.org";1;"2006-02-14 22:04:37";"817 Laredo Avenue";"Jalisco";"Guadalajara";"Mexico";"77449";"151249681135"
964;365;"BRUCE";"SCHWARZ";"BRUCE.SCHWARZ@sakilacustomer.org";1;"2006-02-14 22:04:37";"1565 Tangail Manor";"Okinawa";"Okinawa";"Japan";"45750";"634445428822"
965;366;"BRANDON";"HUEY";"BRANDON.HUEY@sakilacustomer.org";1;"2006-02-14 22:04:37";"1912 Emeishan Drive";"Balikesir";"Balikesir";"Turkey";"33050";"99883471275"
966;367;"ADAM";"GOOCH";"ADAM.GOOCH@sakilacustomer.org";1;"2006-02-14 22:04:37";"230 Urawa Drive";"Andhra Pradesh";"Adoni";"India";"2738";"166898395731"
967;368;"HARRY";"ARCE";"HARRY.ARCE@sakilacustomer.org";0;"2006-02-14 22:04:37";"1922 Miraj Way";"Esfahan";"Najafabad";"Iran";"13203";"320471479776"
968;369;"FRED";"WHEAT";"FRED.WHEAT@sakilacustomer.org";1;"2006-02-14 22:04:37";"433 Florencia Street";"Chihuahua";"Jurez";"Mexico";"91330";"561729882725"
969;370;"WAYNE";"TRUONG";"WAYNE.TRUONG@sakilacustomer.org";1;"2006-02-14 22:04:37";"1049 Matamoros Parkway";"Karnataka";"Gulbarga";"India";"69640";"960505250340"
970;371;"BILLY";"POULIN";"BILLY.POULIN@sakilacustomer.org";1;"2006-02-14 22:04:37";"1061 Ede Avenue";"Southern Tagalog";"Cabuyao";"Philippines";"57810";"333390595558"
971;372;"STEVE";"MACKENZIE";"STEVE.MACKENZIE@sakilacustomer.org";1;"2006-02-14 22:04:37";"154 Oshawa Manor";"East Java";"Probolinggo";"Indonesia";"72771";"440365973660"
972;373;"LOUIS";"LEONE";"LOUIS.LEONE@sakilacustomer.org";1;"2006-02-14 22:04:37";"1191 Tandil Drive";"Southern Tagalog";"Tanauan";"Philippines";"6362";"45554316010"
973;374;"JEREMY";"HURTADO";"JEREMY.HURTADO@sakilacustomer.org";1;"2006-02-14 22:04:37";"1133 Rizhao Avenue";"Pernambuco";"Vitria de Santo Anto";"Brazil";"2800";"600264533987"
974;375;"AARON";"SELBY";"AARON.SELBY@sakilacustomer.org";1;"2006-02-14 22:04:37";"1519 Santiago de los Caballeros Loop";"East Kasai";"Mwene-Ditu";"Congo, The Democratic Republic of the";"22025";"409315295763"
975;376;"RANDY";"GAITHER";"RANDY.GAITHER@sakilacustomer.org";1;"2006-02-14 22:04:37";"1618 Olomouc Manor";"Kurgan";"Kurgan";"Russian Federation";"26385";"96846695220"
976;377;"HOWARD";"FORTNER";"HOWARD.FORTNER@sakilacustomer.org";1;"2006-02-14 22:04:37";"220 Hidalgo Drive";"Kermanshah";"Kermanshah";"Iran";"45298";"342720754566"
977;378;"EUGENE";"CULPEPPER";"EUGENE.CULPEPPER@sakilacustomer.org";1;"2006-02-14 22:04:37";"686 Donostia-San Sebastin Lane";"Guangdong";"Shenzhen";"China";"97390";"71857599858"
978;379;"CARLOS";"COUGHLIN";"CARLOS.COUGHLIN@sakilacustomer.org";1;"2006-02-14 22:04:37";"97 Mogiljov Lane";"Gujarat";"Bhavnagar";"India";"89294";"924815207181"
979;380;"RUSSELL";"BRINSON";"RUSSELL.BRINSON@sakilacustomer.org";1;"2006-02-14 22:04:37";"1642 Charlotte Amalie Drive";"Slaskie";"Tychy";"Poland";"75442";"821476736117"
980;381;"BOBBY";"BOUDREAU";"BOBBY.BOUDREAU@sakilacustomer.org";1;"2006-02-14 22:04:37";"1368 Maracabo Boulevard";"";"South Hill";"Anguilla";"32716";"934352415130"
981;382;"VICTOR";"BARKLEY";"VICTOR.BARKLEY@sakilacustomer.org";1;"2006-02-14 22:04:37";"401 Sucre Boulevard";"New Hampshire";"Manchester";"United States";"25007";"486395999608"
982;383;"MARTIN";"BALES";"MARTIN.BALES@sakilacustomer.org";1;"2006-02-14 22:04:37";"368 Hunuco Boulevard";"Namibe";"Namibe";"Angola";"17165";"106439158941"
983;384;"ERNEST";"STEPP";"ERNEST.STEPP@sakilacustomer.org";1;"2006-02-14 22:04:37";"500 Lincoln Parkway";"Jiangsu";"Huaian";"China";"95509";"550306965159"
984;385;"PHILLIP";"HOLM";"PHILLIP.HOLM@sakilacustomer.org";1;"2006-02-14 22:04:37";"102 Chapra Drive";"Ibaragi";"Tama";"Japan";"14073";"776031833752"
985;386;"TODD";"TAN";"TODD.TAN@sakilacustomer.org";1;"2006-02-14 22:04:37";"1793 Meixian Place";"Hmelnytskyi";"Kamjanets-Podilskyi";"Ukraine";"33535";"619966287415"
986;387;"JESSE";"SCHILLING";"JESSE.SCHILLING@sakilacustomer.org";1;"2006-02-14 22:04:37";"514 Ife Way";"Shaba";"Lubumbashi";"Congo, The Democratic Republic of the";"69973";"900235712074"
987;388;"CRAIG";"MORRELL";"CRAIG.MORRELL@sakilacustomer.org";1;"2006-02-14 22:04:37";"717 Changzhou Lane";"Southern Tagalog";"Cavite";"Philippines";"21615";"426255288071"
988;389;"ALAN";"KAHN";"ALAN.KAHN@sakilacustomer.org";1;"2006-02-14 22:04:37";"753 Ilorin Avenue";"Sichuan";"Emeishan";"China";"3656";"464511145118"
989;390;"SHAWN";"HEATON";"SHAWN.HEATON@sakilacustomer.org";1;"2006-02-14 22:04:37";"1337 Mit Ghamr Avenue";"Nakhon Sawan";"Nakhon Sawan";"Thailand";"29810";"175283210378"
990;391;"CLARENCE";"GAMEZ";"CLARENCE.GAMEZ@sakilacustomer.org";1;"2006-02-14 22:04:37";"767 Pyongyang Drive";"Osaka";"Izumisano";"Japan";"83536";"667736124769"
991;392;"SEAN";"DOUGLASS";"SEAN.DOUGLASS@sakilacustomer.org";1;"2006-02-14 22:04:37";"614 Pak Kret Street";"Addis Abeba";"Addis Abeba";"Ethiopia";"27796";"47808359842"
992;393;"PHILIP";"CAUSEY";"PHILIP.CAUSEY@sakilacustomer.org";1;"2006-02-14 22:04:37";"954 Lapu-Lapu Way";"Moskova";"Korolev";"Russian Federation";"8816";"737229003916"
993;394;"CHRIS";"BROTHERS";"CHRIS.BROTHERS@sakilacustomer.org";1;"2006-02-14 22:04:37";"331 Bydgoszcz Parkway";"Asturia";"Gijn";"Spain";"966";"537374465982"
994;395;"JOHNNY";"TURPIN";"JOHNNY.TURPIN@sakilacustomer.org";1;"2006-02-14 22:04:37";"1152 Citrus Heights Manor";"al-Qadarif";"al-Qadarif";"Sudan";"5239";"765957414528"
995;396;"EARL";"SHANKS";"EARL.SHANKS@sakilacustomer.org";1;"2006-02-14 22:04:37";"168 Cianjur Manor";"Saitama";"Iwatsuki";"Japan";"73824";"679095087143"
996;397;"JIMMY";"SCHRADER";"JIMMY.SCHRADER@sakilacustomer.org";1;"2006-02-14 22:04:37";"616 Hagonoy Avenue";"Krasnojarsk";"Atinsk";"Russian Federation";"46043";"604177838256"
997;398;"ANTONIO";"MEEK";"ANTONIO.MEEK@sakilacustomer.org";1;"2006-02-14 22:04:37";"1190 0 Place";"Rio Grande do Sul";"Bag";"Brazil";"10417";"841876514789"
998;399;"DANNY";"ISOM";"DANNY.ISOM@sakilacustomer.org";1;"2006-02-14 22:04:37";"734 Bchar Place";"Punjab";"Okara";"Pakistan";"30586";"280578750435"
999;400;"BRYAN";"HARDISON";"BRYAN.HARDISON@sakilacustomer.org";1;"2006-02-14 22:04:37";"530 Lausanne Lane";"Texas";"Dallas";"United States";"11067";"775235029633"
1000;401;"TONY";"CARRANZA";"TONY.CARRANZA@sakilacustomer.org";1;"2006-02-14 22:04:37";"454 Patiala Lane";"Fukushima";"Koriyama";"Japan";"13496";"794553031307"
1001;402;"LUIS";"YANEZ";"LUIS.YANEZ@sakilacustomer.org";1;"2006-02-14 22:04:37";"1346 Mysore Drive";"Bretagne";"Brest";"France";"61507";"516647474029"
1002;403;"MIKE";"WAY";"MIKE.WAY@sakilacustomer.org";1;"2006-02-14 22:04:37";"990 Etawah Loop";"Tamil Nadu";"Valparai";"India";"79940";"206169448769"
1003;404;"STANLEY";"SCROGGINS";"STANLEY.SCROGGINS@sakilacustomer.org";1;"2006-02-14 22:04:37";"1266 Laredo Parkway";"Saitama";"Omiya";"Japan";"7664";"1483365694"
1004;405;"LEONARD";"SCHOFIELD";"LEONARD.SCHOFIELD@sakilacustomer.org";1;"2006-02-14 22:04:37";"88 Nagaon Manor";"Buenos Aires";"Tandil";"Argentina";"86868";"779461480495"
1005;406;"NATHAN";"RUNYON";"NATHAN.RUNYON@sakilacustomer.org";0;"2006-02-14 22:04:37";"264 Bhimavaram Manor";"St Thomas";"Charlotte Amalie";"Virgin Islands, U.S.";"54749";"302526949177"
1006;407;"DALE";"RATCLIFF";"DALE.RATCLIFF@sakilacustomer.org";1;"2006-02-14 22:04:37";"1639 Saarbrcken Drive";"North West";"Rustenburg";"South Africa";"9827";"328494873422"
1007;408;"MANUEL";"MURRELL";"MANUEL.MURRELL@sakilacustomer.org";1;"2006-02-14 22:04:37";"692 Amroha Drive";"Northern";"Jaffna";"Sri Lanka";"35575";"359478883004"
1008;409;"RODNEY";"MOELLER";"RODNEY.MOELLER@sakilacustomer.org";1;"2006-02-14 22:04:37";"1936 Lapu-Lapu Parkway";"Bauchi & Gombe";"Deba Habe";"Nigeria";"7122";"653436985797"
1009;410;"CURTIS";"IRBY";"CURTIS.IRBY@sakilacustomer.org";1;"2006-02-14 22:04:37";"432 Garden Grove Street";"Ontario";"Richmond Hill";"Canada";"65630";"615964523510"
1010;411;"NORMAN";"CURRIER";"NORMAN.CURRIER@sakilacustomer.org";1;"2006-02-14 22:04:37";"1445 Carmen Parkway";"West Java";"Cianjur";"Indonesia";"70809";"598912394463"
1011;412;"ALLEN";"BUTTERFIELD";"ALLEN.BUTTERFIELD@sakilacustomer.org";1;"2006-02-14 22:04:37";"791 Salinas Street";"Punjab";"Hoshiarpur";"India";"40509";"129953030512"
1012;413;"MARVIN";"YEE";"MARVIN.YEE@sakilacustomer.org";1;"2006-02-14 22:04:37";"126 Acua Parkway";"West Bengali";"Berhampore (Baharampur)";"India";"58888";"480039662421"
1013;414;"VINCENT";"RALSTON";"VINCENT.RALSTON@sakilacustomer.org";1;"2006-02-14 22:04:37";"397 Sunnyvale Avenue";"Guanajuato";"Allende";"Mexico";"55566";"680851640676"
1014;415;"GLENN";"PULLEN";"GLENN.PULLEN@sakilacustomer.org";1;"2006-02-14 22:04:37";"992 Klerksdorp Loop";"Utrecht";"Amersfoort";"Netherlands";"33711";"855290087237"
1015;416;"JEFFERY";"PINSON";"JEFFERY.PINSON@sakilacustomer.org";1;"2006-02-14 22:04:37";"966 Arecibo Loop";"Sind";"Dadu";"Pakistan";"94018";"15273765306"
1016;417;"TRAVIS";"ESTEP";"TRAVIS.ESTEP@sakilacustomer.org";1;"2006-02-14 22:04:37";"289 Santo Andr Manor";"al-Sharqiya";"al-Qatif";"Saudi Arabia";"72410";"214976066017"
1017;418;"JEFF";"EAST";"JEFF.EAST@sakilacustomer.org";1;"2006-02-14 22:04:37";"437 Chungho Drive";"Puerto Plata";"San Felipe de Puerto Plata";"Dominican Republic";"59489";"491271355190"
1018;419;"CHAD";"CARBONE";"CHAD.CARBONE@sakilacustomer.org";1;"2006-02-14 22:04:37";"1948 Bayugan Parkway";"Bihar";"Katihar";"India";"60622";"987306329957"
1019;420;"JACOB";"LANCE";"JACOB.LANCE@sakilacustomer.org";1;"2006-02-14 22:04:37";"1866 al-Qatif Avenue";"California";"El Monte";"United States";"89420";"546793516940"
1020;421;"LEE";"HAWKS";"LEE.HAWKS@sakilacustomer.org";1;"2006-02-14 22:04:37";"1661 Abha Drive";"Tamil Nadu";"Pudukkottai";"India";"14400";"270456873752"
1021;422;"MELVIN";"ELLINGTON";"MELVIN.ELLINGTON@sakilacustomer.org";1;"2006-02-14 22:04:37";"1557 Cape Coral Parkway";"Hubei";"Laohekou";"China";"46875";"368284120423"
1022;423;"ALFRED";"CASILLAS";"ALFRED.CASILLAS@sakilacustomer.org";1;"2006-02-14 22:04:37";"1727 Matamoros Place";"Sawhaj";"Sawhaj";"Egypt";"78813";"129673677866"
1023;424;"KYLE";"SPURLOCK";"KYLE.SPURLOCK@sakilacustomer.org";1;"2006-02-14 22:04:37";"1269 Botosani Manor";"Guangdong";"Shanwei";"China";"47394";"736517327853"
1024;425;"FRANCIS";"SIKES";"FRANCIS.SIKES@sakilacustomer.org";1;"2006-02-14 22:04:37";"355 Vitria de Santo Anto Way";"Oaxaca";"San Juan Bautista Tuxtepec";"Mexico";"81758";"548003849552"
1025;426;"BRADLEY";"MOTLEY";"BRADLEY.MOTLEY@sakilacustomer.org";1;"2006-02-14 22:04:37";"1596 Acua Parkway";"Jharkhand";"Purnea (Purnia)";"India";"70425";"157133457169"
1026;427;"JESUS";"MCCARTNEY";"JESUS.MCCARTNEY@sakilacustomer.org";1;"2006-02-14 22:04:37";"259 Ipoh Drive";"So Paulo";"Guaruj";"Brazil";"64964";"419009857119"
1027;428;"HERBERT";"KRUGER";"HERBERT.KRUGER@sakilacustomer.org";1;"2006-02-14 22:04:37";"1823 Hoshiarpur Lane";"Komi";"Syktyvkar";"Russian Federation";"33191";"307133768620"
1028;429;"FREDERICK";"ISBELL";"FREDERICK.ISBELL@sakilacustomer.org";1;"2006-02-14 22:04:37";"1404 Taguig Drive";"Okayama";"Tsuyama";"Japan";"87212";"572068624538"
1029;430;"RAY";"HOULE";"RAY.HOULE@sakilacustomer.org";1;"2006-02-14 22:04:37";"740 Udaipur Lane";"Nizni Novgorod";"Dzerzinsk";"Russian Federation";"33505";"497288595103"
1030;431;"JOEL";"FRANCISCO";"JOEL.FRANCISCO@sakilacustomer.org";1;"2006-02-14 22:04:37";"287 Cuautla Boulevard";"Chuquisaca";"Sucre";"Bolivia";"72736";"82619513349"
1031;432;"EDWIN";"BURK";"EDWIN.BURK@sakilacustomer.org";1;"2006-02-14 22:04:37";"1766 Almirante Brown Street";"KwaZulu-Natal";"Newcastle";"South Africa";"63104";"617567598243"
1032;433;"DON";"BONE";"DON.BONE@sakilacustomer.org";1;"2006-02-14 22:04:37";"596 Huixquilucan Place";"Nampula";"Naala-Porto";"Mozambique";"65892";"342709348083"
1033;434;"EDDIE";"TOMLIN";"EDDIE.TOMLIN@sakilacustomer.org";1;"2006-02-14 22:04:37";"1351 Aparecida de Goinia Parkway";"Northern Mindanao";"Ozamis";"Philippines";"41775";"959834530529"
1034;435;"RICKY";"SHELBY";"RICKY.SHELBY@sakilacustomer.org";1;"2006-02-14 22:04:37";"722 Bradford Lane";"Shandong";"Junan";"China";"90920";"746251338300"
1035;436;"TROY";"QUIGLEY";"TROY.QUIGLEY@sakilacustomer.org";1;"2006-02-14 22:04:37";"983 Santa F Way";"British Colombia";"Vancouver";"Canada";"47472";"145720452260"
1036;437;"RANDALL";"NEUMANN";"RANDALL.NEUMANN@sakilacustomer.org";1;"2006-02-14 22:04:37";"1245 Ibirit Way";"La Romana";"La Romana";"Dominican Republic";"40926";"331888642162"
1037;438;"BARRY";"LOVELACE";"BARRY.LOVELACE@sakilacustomer.org";1;"2006-02-14 22:04:37";"1836 Korla Parkway";"Copperbelt";"Kitwe";"Zambia";"55405";"689681677428"
1038;439;"ALEXANDER";"FENNELL";"ALEXANDER.FENNELL@sakilacustomer.org";1;"2006-02-14 22:04:37";"231 Kaliningrad Place";"Lombardia";"Bergamo";"Italy";"57833";"575081026569"
1039;440;"BERNARD";"COLBY";"BERNARD.COLBY@sakilacustomer.org";1;"2006-02-14 22:04:37";"495 Bhimavaram Lane";"Maharashtra";"Dhule (Dhulia)";"India";"3";"82088937724"
1040;441;"MARIO";"CHEATHAM";"MARIO.CHEATHAM@sakilacustomer.org";1;"2006-02-14 22:04:37";"1924 Shimonoseki Drive";"Batna";"Batna";"Algeria";"52625";"406784385440"
1041;442;"LEROY";"BUSTAMANTE";"LEROY.BUSTAMANTE@sakilacustomer.org";1;"2006-02-14 22:04:37";"105 Dzerzinsk Manor";"Inner Mongolia";"Tongliao";"China";"48570";"240776414296"
1042;443;"FRANCISCO";"SKIDMORE";"FRANCISCO.SKIDMORE@sakilacustomer.org";1;"2006-02-14 22:04:37";"614 Denizli Parkway";"Rio Grande do Sul";"So Leopoldo";"Brazil";"29444";"876491807547"
1043;444;"MARCUS";"HIDALGO";"MARCUS.HIDALGO@sakilacustomer.org";1;"2006-02-14 22:04:37";"1289 Belm Boulevard";"Tartumaa";"Tartu";"Estonia";"88306";"237368926031"
1044;445;"MICHEAL";"FORMAN";"MICHEAL.FORMAN@sakilacustomer.org";1;"2006-02-14 22:04:37";"203 Tambaram Street";"Buenos Aires";"Escobar";"Argentina";"73942";"411549550611"
1045;446;"THEODORE";"CULP";"THEODORE.CULP@sakilacustomer.org";0;"2006-02-14 22:04:37";"1704 Tambaram Manor";"West Bengali";"Uluberia";"India";"2834";"39463554936"
1046;447;"CLIFFORD";"BOWENS";"CLIFFORD.BOWENS@sakilacustomer.org";1;"2006-02-14 22:04:37";"207 Cuernavaca Loop";"Tatarstan";"Nabereznyje Telny";"Russian Federation";"52671";"782900030287"
1047;448;"MIGUEL";"BETANCOURT";"MIGUEL.BETANCOURT@sakilacustomer.org";1;"2006-02-14 22:04:37";"319 Springs Loop";"Baijeri";"Erlangen";"Germany";"99552";"72524459905"
1048;449;"OSCAR";"AQUINO";"OSCAR.AQUINO@sakilacustomer.org";1;"2006-02-14 22:04:37";"956 Nam Dinh Manor";"Kerman";"Sirjan";"Iran";"21872";"474047727727"
1049;450;"JAY";"ROBB";"JAY.ROBB@sakilacustomer.org";1;"2006-02-14 22:04:37";"1947 Paarl Way";"Central Java";"Surakarta";"Indonesia";"23636";"834061016202"
1050;451;"JIM";"REA";"JIM.REA@sakilacustomer.org";1;"2006-02-14 22:04:37";"814 Simferopol Loop";"Sinaloa";"El Fuerte";"Mexico";"48745";"524567129902"
1051;452;"TOM";"MILNER";"TOM.MILNER@sakilacustomer.org";1;"2006-02-14 22:04:37";"535 Ahmadnagar Manor";"Abu Dhabi";"Abu Dhabi";"United Arab Emirates";"41136";"985109775584"
1052;453;"CALVIN";"MARTEL";"CALVIN.MARTEL@sakilacustomer.org";1;"2006-02-14 22:04:37";"138 Caracas Boulevard";"Zulia";"Maracabo";"Venezuela";"16790";"974433019532"
1053;454;"ALEX";"GRESHAM";"ALEX.GRESHAM@sakilacustomer.org";1;"2006-02-14 22:04:37";"251 Florencia Drive";"Michoacn de Ocampo";"Uruapan";"Mexico";"16119";"118011831565"
1054;455;"JON";"WILES";"JON.WILES@sakilacustomer.org";1;"2006-02-14 22:04:37";"659 Gatineau Boulevard";"La Paz";"El Alto";"Bolivia";"28587";"205524798287"
1055;456;"RONNIE";"RICKETTS";"RONNIE.RICKETTS@sakilacustomer.org";1;"2006-02-14 22:04:37";"1889 Valparai Way";"Ziguinchor";"Ziguinchor";"Senegal";"75559";"670370974122"
1056;457;"BILL";"GAVIN";"BILL.GAVIN@sakilacustomer.org";1;"2006-02-14 22:04:37";"1485 Bratislava Place";"Illinois";"Rockford";"United States";"83183";"924663855568"
1057;458;"LLOYD";"DOWD";"LLOYD.DOWD@sakilacustomer.org";1;"2006-02-14 22:04:37";"935 Aden Boulevard";"Central Java";"Tegal";"Indonesia";"64709";"335052544020"
1058;459;"TOMMY";"COLLAZO";"TOMMY.COLLAZO@sakilacustomer.org";1;"2006-02-14 22:04:37";"76 Kermanshah Manor";"Esfahan";"Qomsheh";"Iran";"23343";"762361821578"
1059;460;"LEON";"BOSTIC";"LEON.BOSTIC@sakilacustomer.org";1;"2006-02-14 22:04:37";"734 Tanshui Avenue";"Caquet";"Florencia";"Colombia";"70664";"366776723320"
1060;461;"DEREK";"BLAKELY";"DEREK.BLAKELY@sakilacustomer.org";1;"2006-02-14 22:04:37";"118 Jaffna Loop";"Northern Mindanao";"Gingoog";"Philippines";"10447";"325526730021"
1061;462;"WARREN";"SHERROD";"WARREN.SHERROD@sakilacustomer.org";1;"2006-02-14 22:04:37";"1621 Tongliao Avenue";"Irkutsk";"Usolje-Sibirskoje";"Russian Federation";"22173";"209342540247"
1062;463;"DARRELL";"POWER";"DARRELL.POWER@sakilacustomer.org";1;"2006-02-14 22:04:37";"1844 Usak Avenue";"Nova Scotia";"Halifax";"Canada";"84461";"164414772677"
1063;464;"JEROME";"KENYON";"JEROME.KENYON@sakilacustomer.org";1;"2006-02-14 22:04:37";"1872 Toulon Loop";"OHiggins";"Rancagua";"Chile";"7939";"928809465153"
1064;465;"FLOYD";"GANDY";"FLOYD.GANDY@sakilacustomer.org";1;"2006-02-14 22:04:37";"1088 Ibirit Place";"Jalisco";"Zapopan";"Mexico";"88502";"49084281333"
1065;466;"LEO";"EBERT";"LEO.EBERT@sakilacustomer.org";1;"2006-02-14 22:04:37";"1322 Mosul Parkway";"Shandong";"Dongying";"China";"95400";"268053970382"
1066;467;"ALVIN";"DELOACH";"ALVIN.DELOACH@sakilacustomer.org";1;"2006-02-14 22:04:37";"1447 Chatsworth Place";"Chihuahua";"Cuauhtmoc";"Mexico";"41545";"769370126331"
1067;468;"TIM";"CARY";"TIM.CARY@sakilacustomer.org";1;"2006-02-14 22:04:37";"1257 Guadalajara Street";"Karnataka";"Bijapur";"India";"33599";"195337700615"
1068;469;"WESLEY";"BULL";"WESLEY.BULL@sakilacustomer.org";1;"2006-02-14 22:04:37";"1469 Plock Lane";"Galicia";"Ourense (Orense)";"Spain";"95835";"622884741180"
1069;470;"GORDON";"ALLARD";"GORDON.ALLARD@sakilacustomer.org";1;"2006-02-14 22:04:37";"434 Ourense (Orense) Manor";"Hodeida";"Hodeida";"Yemen";"14122";"562370137426"
1070;471;"DEAN";"SAUER";"DEAN.SAUER@sakilacustomer.org";1;"2006-02-14 22:04:37";"270 Tambaram Parkway";"Gauteng";"Johannesburg";"South Africa";"9668";"248446668735"
1071;472;"GREG";"ROBINS";"GREG.ROBINS@sakilacustomer.org";1;"2006-02-14 22:04:37";"1786 Salinas Place";"Nam Ha";"Nam Dinh";"Vietnam";"66546";"206060652238"
1072;473;"JORGE";"OLIVARES";"JORGE.OLIVARES@sakilacustomer.org";1;"2006-02-14 22:04:37";"1078 Stara Zagora Drive";"Aceh";"Lhokseumawe";"Indonesia";"69221";"932992626595"
1073;474;"DUSTIN";"GILLETTE";"DUSTIN.GILLETTE@sakilacustomer.org";1;"2006-02-14 22:04:37";"1854 Okara Boulevard";"Drenthe";"Emmen";"Netherlands";"42123";"131912793873"
1074;475;"PEDRO";"CHESTNUT";"PEDRO.CHESTNUT@sakilacustomer.org";1;"2006-02-14 22:04:37";"421 Yaound Street";"Sumy";"ostka";"Ukraine";"11363";"726875628268"
1075;476;"DERRICK";"BOURQUE";"DERRICK.BOURQUE@sakilacustomer.org";1;"2006-02-14 22:04:37";"1153 Allende Way";"Qubec";"Gatineau";"Canada";"20336";"856872225376"
1076;477;"DAN";"PAINE";"DAN.PAINE@sakilacustomer.org";1;"2006-02-14 22:04:37";"808 Naala-Porto Parkway";"England";"Stockport";"United Kingdom";"41060";"553452430707"
1077;478;"LEWIS";"LYMAN";"LEWIS.LYMAN@sakilacustomer.org";1;"2006-02-14 22:04:37";"632 Usolje-Sibirskoje Parkway";"Ha Darom";"Ashqelon";"Israel";"73085";"667648979883"
1078;479;"ZACHARY";"HITE";"ZACHARY.HITE@sakilacustomer.org";1;"2006-02-14 22:04:37";"98 Pyongyang Boulevard";"Ohio";"Akron";"United States";"88749";"191958435142"
1079;480;"COREY";"HAUSER";"COREY.HAUSER@sakilacustomer.org";1;"2006-02-14 22:04:37";"984 Novoterkassk Loop";"Gaziantep";"Gaziantep";"Turkey";"28165";"435118527255"
1080;481;"HERMAN";"DEVORE";"HERMAN.DEVORE@sakilacustomer.org";1;"2006-02-14 22:04:37";"64 Korla Street";"Mwanza";"Mwanza";"Tanzania";"25145";"510383179153"
1081;482;"MAURICE";"CRAWLEY";"MAURICE.CRAWLEY@sakilacustomer.org";0;"2006-02-14 22:04:37";"1785 So Bernardo do Campo Street";"Veracruz";"Coatzacoalcos";"Mexico";"71182";"684529463244"
1082;483;"VERNON";"CHAPA";"VERNON.CHAPA@sakilacustomer.org";1;"2006-02-14 22:04:37";"698 Jelets Boulevard";"Denizli";"Denizli";"Turkey";"2596";"975185523021"
1083;484;"ROBERTO";"VU";"ROBERTO.VU@sakilacustomer.org";1;"2006-02-14 22:04:37";"1297 Alvorada Parkway";"Ningxia";"Yinchuan";"China";"11839";"508348602835"
1084;485;"CLYDE";"TOBIAS";"CLYDE.TOBIAS@sakilacustomer.org";1;"2006-02-14 22:04:37";"1909 Dayton Avenue";"Guangdong";"Shaoguan";"China";"88513";"702955450528"
1085;486;"GLEN";"TALBERT";"GLEN.TALBERT@sakilacustomer.org";1;"2006-02-14 22:04:37";"1789 Saint-Denis Parkway";"Coahuila de Zaragoza";"Acua";"Mexico";"8268";"936806643983"
1086;487;"HECTOR";"POINDEXTER";"HECTOR.POINDEXTER@sakilacustomer.org";1;"2006-02-14 22:04:37";"185 Mannheim Lane";"Stavropol";"Pjatigorsk";"Russian Federation";"23661";"589377568313"
1087;488;"SHANE";"MILLARD";"SHANE.MILLARD@sakilacustomer.org";1;"2006-02-14 22:04:37";"184 Mandaluyong Street";"Baja California Sur";"La Paz";"Mexico";"94239";"488425406814"
1088;489;"RICARDO";"MEADOR";"RICARDO.MEADOR@sakilacustomer.org";1;"2006-02-14 22:04:37";"591 Sungai Petani Drive";"Okayama";"Okayama";"Japan";"46400";"37247325001"
1089;490;"SAM";"MCDUFFIE";"SAM.MCDUFFIE@sakilacustomer.org";1;"2006-02-14 22:04:37";"656 Matamoros Drive";"Boyac";"Sogamoso";"Colombia";"19489";"17305839123"
1090;491;"RICK";"MATTOX";"RICK.MATTOX@sakilacustomer.org";1;"2006-02-14 22:04:37";"775 ostka Drive";"al-Daqahliya";"Mit Ghamr";"Egypt";"22358";"171973024401"
1091;492;"LESTER";"KRAUS";"LESTER.KRAUS@sakilacustomer.org";1;"2006-02-14 22:04:37";"1013 Tabuk Boulevard";"West Bengali";"Kanchrapara";"India";"96203";"158399646978"
1092;493;"BRENT";"HARKINS";"BRENT.HARKINS@sakilacustomer.org";1;"2006-02-14 22:04:37";"319 Plock Parkway";"Istanbul";"Sultanbeyli";"Turkey";"26101";"854259976812"
1093;494;"RAMON";"CHOATE";"RAMON.CHOATE@sakilacustomer.org";1;"2006-02-14 22:04:37";"1954 Kowloon and New Kowloon Way";"Chimborazo";"Robamba";"Ecuador";"63667";"898559280434"
1094;495;"CHARLIE";"BESS";"CHARLIE.BESS@sakilacustomer.org";1;"2006-02-14 22:04:37";"362 Rajkot Lane";"Gansu";"Baiyin";"China";"98030";"962020153680"
1095;496;"TYLER";"WREN";"TYLER.WREN@sakilacustomer.org";1;"2006-02-14 22:04:37";"1060 Tandil Lane";"Shandong";"Rizhao";"China";"72349";"211256301880"
1096;497;"GILBERT";"SLEDGE";"GILBERT.SLEDGE@sakilacustomer.org";1;"2006-02-14 22:04:37";"1515 Korla Way";"England";"York";"United Kingdom";"57197";"959467760895"
1097;498;"GENE";"SANBORN";"GENE.SANBORN@sakilacustomer.org";1;"2006-02-14 22:04:37";"1416 San Juan Bautista Tuxtepec Avenue";"Zufar";"Salala";"Oman";"50592";"144206758053"
1098;499;"MARC";"OUTLAW";"MARC.OUTLAW@sakilacustomer.org";1;"2006-02-14 22:04:37";"1 Valle de Santiago Avenue";"Apulia";"Brindisi";"Italy";"86208";"465897838272"
1099;500;"REGINALD";"KINDER";"REGINALD.KINDER@sakilacustomer.org";1;"2006-02-14 22:04:37";"519 Brescia Parkway";"East Java";"Madiun";"Indonesia";"69504";"793996678771"
1100;501;"RUBEN";"GEARY";"RUBEN.GEARY@sakilacustomer.org";1;"2006-02-14 22:04:37";"414 Mandaluyong Street";"Lubelskie";"Lublin";"Poland";"16370";"52709222667"
1101;502;"BRETT";"CORNWELL";"BRETT.CORNWELL@sakilacustomer.org";1;"2006-02-14 22:04:37";"1197 Sokoto Boulevard";"West Bengali";"Siliguri (Shiliguri)";"India";"87687";"868602816371"
1102;503;"ANGEL";"BARCLAY";"ANGEL.BARCLAY@sakilacustomer.org";1;"2006-02-14 22:04:37";"496 Celaya Drive";"Nagano";"Ueda";"Japan";"90797";"759586584889"
1103;504;"NATHANIEL";"ADAM";"NATHANIEL.ADAM@sakilacustomer.org";1;"2006-02-14 22:04:37";"786 Matsue Way";"Illinois";"Joliet";"United States";"37469";"111177206479"
1104;505;"RAFAEL";"ABNEY";"RAFAEL.ABNEY@sakilacustomer.org";1;"2006-02-14 22:04:37";"48 Maracabo Place";"Central Luzon";"Talavera";"Philippines";"1570";"82671830126"
1105;506;"LESLIE";"SEWARD";"LESLIE.SEWARD@sakilacustomer.org";1;"2006-02-14 22:04:37";"1152 al-Qatif Lane";"Kalimantan Barat";"Pontianak";"Indonesia";"44816";"131370665218"
1106;507;"EDGAR";"RHOADS";"EDGAR.RHOADS@sakilacustomer.org";1;"2006-02-14 22:04:37";"1269 Ipoh Avenue";"Eskisehir";"Eskisehir";"Turkey";"54674";"402630109080"
1107;508;"MILTON";"HOWLAND";"MILTON.HOWLAND@sakilacustomer.org";1;"2006-02-14 22:04:37";"758 Korolev Parkway";"Andhra Pradesh";"Vijayawada";"India";"75474";"441628280920"
1108;509;"RAUL";"FORTIER";"RAUL.FORTIER@sakilacustomer.org";1;"2006-02-14 22:04:37";"1747 Rustenburg Place";"Bihar";"Chapra";"India";"51369";"442673923363"
1109;510;"BEN";"EASTER";"BEN.EASTER@sakilacustomer.org";0;"2006-02-14 22:04:37";"886 Tonghae Place";"Volgograd";"Kamyin";"Russian Federation";"19450";"711928348157"
1110;511;"CHESTER";"BENNER";"CHESTER.BENNER@sakilacustomer.org";1;"2006-02-14 22:04:37";"1574 Goinia Boulevard";"Heilongjiang";"Suihua";"China";"39529";"59634255214"
1111;512;"CECIL";"VINES";"CECIL.VINES@sakilacustomer.org";1;"2006-02-14 22:04:37";"548 Uruapan Street";"Ontario";"London";"United Kingdom";"35653";"879347453467"
1112;513;"DUANE";"TUBBS";"DUANE.TUBBS@sakilacustomer.org";1;"2006-02-14 22:04:37";"962 Tama Loop";"";"Yangor";"Nauru";"65952";"282667506728"
1113;514;"FRANKLIN";"TROUTMAN";"FRANKLIN.TROUTMAN@sakilacustomer.org";1;"2006-02-14 22:04:37";"1778 Gijn Manor";"Hubei";"Zaoyang";"China";"35156";"288910576761"
1114;515;"ANDRE";"RAPP";"ANDRE.RAPP@sakilacustomer.org";1;"2006-02-14 22:04:37";"568 Dhule (Dhulia) Loop";"Coquimbo";"Coquimbo";"Chile";"92568";"602101369463"
1115;516;"ELMER";"NOE";"ELMER.NOE@sakilacustomer.org";1;"2006-02-14 22:04:37";"1768 Udine Loop";"Battambang";"Battambang";"Cambodia";"32347";"448876499197"
1116;517;"BRAD";"MCCURDY";"BRAD.MCCURDY@sakilacustomer.org";1;"2006-02-14 22:04:37";"608 Birgunj Parkway";"Taipei";"Chungho";"Taiwan";"400";"627425618482"
1117;518;"GABRIEL";"HARDER";"GABRIEL.HARDER@sakilacustomer.org";1;"2006-02-14 22:04:37";"680 A Corua (La Corua) Manor";"Sivas";"Sivas";"Turkey";"49806";"158326114853"
1118;519;"RON";"DELUCA";"RON.DELUCA@sakilacustomer.org";1;"2006-02-14 22:04:37";"1949 Sanya Street";"Gumma";"Isesaki";"Japan";"61244";"132100972047"
1119;520;"MITCHELL";"WESTMORELAND";"MITCHELL.WESTMORELAND@sakilacustomer.org";1;"2006-02-14 22:04:37";"617 Klerksdorp Place";"Khanh Hoa";"Nha Trang";"Vietnam";"94707";"574973479129"
1120;521;"ROLAND";"SOUTH";"ROLAND.SOUTH@sakilacustomer.org";1;"2006-02-14 22:04:37";"1993 0 Loop";"Liaoning";"Yingkou";"China";"41214";"25865528181"
1121;522;"ARNOLD";"HAVENS";"ARNOLD.HAVENS@sakilacustomer.org";1;"2006-02-14 22:04:37";"1176 Southend-on-Sea Manor";"Southern Tagalog";"Santa Rosa";"Philippines";"81651";"236679267178"
1122;523;"HARVEY";"GUAJARDO";"HARVEY.GUAJARDO@sakilacustomer.org";1;"2006-02-14 22:04:37";"600 Purnea (Purnia) Avenue";"Nghe An";"Vinh";"Vietnam";"18043";"638409958875"
1123;524;"JARED";"ELY";"JARED.ELY@sakilacustomer.org";1;"2006-02-14 22:04:37";"1003 Qinhuangdao Street";"West Java";"Purwakarta";"Indonesia";"25972";"35533115997"
1124;525;"ADRIAN";"CLARY";"ADRIAN.CLARY@sakilacustomer.org";1;"2006-02-14 22:04:37";"1986 Sivas Place";"Friuli-Venezia Giuli";"Udine";"Italy";"95775";"182059202712"
1125;526;"KARL";"SEAL";"KARL.SEAL@sakilacustomer.org";1;"2006-02-14 22:04:37";"1427 Tabuk Place";"Florida";"Cape Coral";"United States";"31342";"214756839122"
1126;527;"CORY";"MEEHAN";"CORY.MEEHAN@sakilacustomer.org";1;"2006-02-14 22:04:37";"556 Asuncin Way";"Mogiljov";"Mogiljov";"Belarus";"35364";"338244023543"
1127;528;"CLAUDE";"HERZOG";"CLAUDE.HERZOG@sakilacustomer.org";1;"2006-02-14 22:04:37";"486 Ondo Parkway";"Benguela";"Benguela";"Angola";"35202";"105882218332"
1128;529;"ERIK";"GUILLEN";"ERIK.GUILLEN@sakilacustomer.org";1;"2006-02-14 22:04:37";"635 Brest Manor";"Andhra Pradesh";"Bhimavaram";"India";"40899";"80593242951"
1129;530;"DARRYL";"ASHCRAFT";"DARRYL.ASHCRAFT@sakilacustomer.org";1;"2006-02-14 22:04:37";"166 Jinchang Street";"Buenos Aires";"Ezeiza";"Argentina";"86760";"717566026669"
1130;531;"JAMIE";"WAUGH";"JAMIE.WAUGH@sakilacustomer.org";1;"2006-02-14 22:04:37";"958 Sagamihara Lane";"Mie";"Kuwana";"Japan";"88408";"427274926505"
1131;532;"NEIL";"RENNER";"NEIL.RENNER@sakilacustomer.org";1;"2006-02-14 22:04:37";"1817 Livorno Way";"Khanh Hoa";"Cam Ranh";"Vietnam";"79401";"478380208348"
1132;533;"JESSIE";"MILAM";"JESSIE.MILAM@sakilacustomer.org";1;"2006-02-14 22:04:37";"1332 Gaziantep Lane";"Shandong";"Binzhou";"China";"22813";"383353187467"
1133;534;"CHRISTIAN";"JUNG";"CHRISTIAN.JUNG@sakilacustomer.org";0;"2006-02-14 22:04:37";"949 Allende Lane";"Uttar Pradesh";"Amroha";"India";"67521";"122981120653"
1134;535;"JAVIER";"ELROD";"JAVIER.ELROD@sakilacustomer.org";1;"2006-02-14 22:04:37";"195 Ilorin Street";"Chari-Baguirmi";"NDjamna";"Chad";"49250";"8912935608"
1135;536;"FERNANDO";"CHURCHILL";"FERNANDO.CHURCHILL@sakilacustomer.org";1;"2006-02-14 22:04:37";"193 Bhusawal Place";"Kang-won";"Tonghae";"South Korea";"9750";"745267607502"
1136;537;"CLINTON";"BUFORD";"CLINTON.BUFORD@sakilacustomer.org";1;"2006-02-14 22:04:37";"43 Vilnius Manor";"Colorado";"Aurora";"United States";"79814";"484500282381"
1137;538;"TED";"BREAUX";"TED.BREAUX@sakilacustomer.org";1;"2006-02-14 22:04:37";"183 Haiphong Street";"Jilin";"Baicheng";"China";"69953";"488600270038"
1138;539;"MATHEW";"BOLIN";"MATHEW.BOLIN@sakilacustomer.org";1;"2006-02-14 22:04:37";"163 Augusta-Richmond County Loop";"Carabobo";"Valencia";"Venezuela";"33030";"754579047924"
1139;540;"TYRONE";"ASHER";"TYRONE.ASHER@sakilacustomer.org";1;"2006-02-14 22:04:37";"191 Jos Azueta Parkway";"Ruse";"Ruse";"Bulgaria";"13629";"932156667696"
1140;541;"DARREN";"WINDHAM";"DARREN.WINDHAM@sakilacustomer.org";1;"2006-02-14 22:04:37";"379 Lublin Parkway";"Toscana";"Livorno";"Italy";"74568";"921960450089"
1141;542;"LONNIE";"TIRADO";"LONNIE.TIRADO@sakilacustomer.org";1;"2006-02-14 22:04:37";"1658 Cuman Loop";"Sumatera Selatan";"Pangkal Pinang";"Indonesia";"51309";"784907335610"
1142;543;"LANCE";"PEMBERTON";"LANCE.PEMBERTON@sakilacustomer.org";1;"2006-02-14 22:04:37";"454 Qinhuangdao Drive";"Tadla-Azilal";"Beni-Mellal";"Morocco";"25866";"786270036240"
1143;544;"CODY";"NOLEN";"CODY.NOLEN@sakilacustomer.org";1;"2006-02-14 22:04:37";"1715 Okayama Street";"So Paulo";"So Bernardo do Campo";"Brazil";"55676";"169352919175"
1144;545;"JULIO";"NOLAND";"JULIO.NOLAND@sakilacustomer.org";1;"2006-02-14 22:04:37";"182 Nukualofa Drive";"Sumy";"Konotop";"Ukraine";"15414";"426346224043"
1145;546;"KELLY";"KNOTT";"KELLY.KNOTT@sakilacustomer.org";1;"2006-02-14 22:04:37";"390 Wroclaw Way";"Hainan";"Sanya";"China";"5753";"357593328658"
1146;547;"KURT";"EMMONS";"KURT.EMMONS@sakilacustomer.org";1;"2006-02-14 22:04:37";"1421 Quilmes Lane";"Ishikawa";"Kanazawa";"Japan";"19151";"135407755975"
1147;548;"ALLAN";"CORNISH";"ALLAN.CORNISH@sakilacustomer.org";1;"2006-02-14 22:04:37";"947 Trshavn Place";"Central Luzon";"Tarlac";"Philippines";"841";"50898428626"
1148;549;"NELSON";"CHRISTENSON";"NELSON.CHRISTENSON@sakilacustomer.org";1;"2006-02-14 22:04:37";"1764 Jalib al-Shuyukh Parkway";"Galicia";"Santiago de Compostela";"Spain";"77642";"84794532510"
1149;550;"GUY";"BROWNLEE";"GUY.BROWNLEE@sakilacustomer.org";1;"2006-02-14 22:04:37";"346 Cam Ranh Avenue";"Zhejiang";"Zhoushan";"China";"39976";"978430786151"
1150;551;"CLAYTON";"BARBEE";"CLAYTON.BARBEE@sakilacustomer.org";1;"2006-02-14 22:04:37";"1407 Pachuca de Soto Place";"Rio Grande do Sul";"Alvorada";"Brazil";"26284";"380077794770"
1151;552;"HUGH";"WALDROP";"HUGH.WALDROP@sakilacustomer.org";1;"2006-02-14 22:04:37";"904 Clarksville Drive";"Zhejiang";"Haining";"China";"52234";"955349440539"
1152;553;"MAX";"PITT";"MAX.PITT@sakilacustomer.org";1;"2006-02-14 22:04:37";"1917 Kumbakonam Parkway";"Vojvodina";"Novi Sad";"Yugoslavia";"11892";"698182547686"
1153;554;"DWAYNE";"OLVERA";"DWAYNE.OLVERA@sakilacustomer.org";1;"2006-02-14 22:04:37";"1447 Imus Place";"Gujarat";"Rajkot";"India";"12905";"62127829280"
1154;555;"DWIGHT";"LOMBARDI";"DWIGHT.LOMBARDI@sakilacustomer.org";1;"2006-02-14 22:04:37";"1497 Fengshan Drive";"KwaZulu-Natal";"Chatsworth";"South Africa";"63022";"368738360376"
1155;556;"ARMANDO";"GRUBER";"ARMANDO.GRUBER@sakilacustomer.org";1;"2006-02-14 22:04:37";"869 Shikarpur Way";"England";"Southport";"United Kingdom";"57380";"590764256785"
1156;557;"FELIX";"GAFFNEY";"FELIX.GAFFNEY@sakilacustomer.org";1;"2006-02-14 22:04:37";"1059 Yuncheng Avenue";"Vilna";"Vilnius";"Lithuania";"47498";"107092893983"
1157;558;"JIMMIE";"EGGLESTON";"JIMMIE.EGGLESTON@sakilacustomer.org";0;"2006-02-14 22:04:37";"505 Madiun Boulevard";"Dolnoslaskie";"Wroclaw";"Poland";"97271";"970638808606"
1158;559;"EVERETT";"BANDA";"EVERETT.BANDA@sakilacustomer.org";1;"2006-02-14 22:04:37";"1741 Hoshiarpur Boulevard";"al-Sharqiya";"Bilbays";"Egypt";"22372";"855066328617"
1159;560;"JORDAN";"ARCHULETA";"JORDAN.ARCHULETA@sakilacustomer.org";1;"2006-02-14 22:04:37";"1229 Varanasi (Benares) Manor";"Buenos Aires";"Avellaneda";"Argentina";"40195";"817740355461"
1160;561;"IAN";"STILL";"IAN.STILL@sakilacustomer.org";1;"2006-02-14 22:04:37";"1894 Boa Vista Way";"Texas";"Garland";"United States";"77464";"239357986667"
1161;562;"WALLACE";"SLONE";"WALLACE.SLONE@sakilacustomer.org";1;"2006-02-14 22:04:37";"1342 Sharja Way";"Sokoto & Kebbi & Zam";"Sokoto";"Nigeria";"93655";"946114054231"
1162;563;"KEN";"PREWITT";"KEN.PREWITT@sakilacustomer.org";1;"2006-02-14 22:04:37";"1342 Abha Boulevard";"Bukarest";"Bucuresti";"Romania";"10714";"997453607116"
1163;564;"BOB";"PFEIFFER";"BOB.PFEIFFER@sakilacustomer.org";1;"2006-02-14 22:04:37";"415 Pune Avenue";"Shandong";"Xintai";"China";"44274";"203202500108"
1164;565;"JAIME";"NETTLES";"JAIME.NETTLES@sakilacustomer.org";1;"2006-02-14 22:04:37";"1746 Faaa Way";"Huanuco";"Hunuco";"Peru";"32515";"863080561151"
1165;566;"CASEY";"MENA";"CASEY.MENA@sakilacustomer.org";1;"2006-02-14 22:04:37";"539 Hami Way";"Tokat";"Tokat";"Turkey";"52196";"525518075499"
1166;567;"ALFREDO";"MCADAMS";"ALFREDO.MCADAMS@sakilacustomer.org";1;"2006-02-14 22:04:37";"1407 Surakarta Manor";"Moskova";"Serpuhov";"Russian Federation";"33224";"324346485054"
1167;568;"ALBERTO";"HENNING";"ALBERTO.HENNING@sakilacustomer.org";1;"2006-02-14 22:04:37";"502 Mandi Bahauddin Parkway";"Anzotegui";"Barcelona";"Venezuela";"15992";"618156722572"
1168;569;"DAVE";"GARDINER";"DAVE.GARDINER@sakilacustomer.org";1;"2006-02-14 22:04:37";"1052 Pathankot Avenue";"Sichuan";"Leshan";"China";"77397";"128499386727"
1169;570;"IVAN";"CROMWELL";"IVAN.CROMWELL@sakilacustomer.org";1;"2006-02-14 22:04:37";"1351 Sousse Lane";"Coahuila de Zaragoza";"Monclova";"Mexico";"37815";"203804046132"
1170;571;"JOHNNIE";"CHISHOLM";"JOHNNIE.CHISHOLM@sakilacustomer.org";1;"2006-02-14 22:04:37";"1501 Pangkal Pinang Avenue";"Mazowieckie";"Plock";"Poland";"943";"770864062795"
1171;572;"SIDNEY";"BURLESON";"SIDNEY.BURLESON@sakilacustomer.org";1;"2006-02-14 22:04:37";"1405 Hagonoy Avenue";"Slaskie";"Czestochowa";"Poland";"86587";"867287719310"
1172;573;"BYRON";"BOX";"BYRON.BOX@sakilacustomer.org";1;"2006-02-14 22:04:37";"521 San Juan Bautista Tuxtepec Place";"Qaraghandy";"Zhezqazghan";"Kazakstan";"95093";"844018348565"
1173;574;"JULIAN";"VEST";"JULIAN.VEST@sakilacustomer.org";1;"2006-02-14 22:04:37";"923 Tangail Boulevard";"Tokyo-to";"Akishima";"Japan";"33384";"315528269898"
1174;575;"ISAAC";"OGLESBY";"ISAAC.OGLESBY@sakilacustomer.org";1;"2006-02-14 22:04:37";"186 Skikda Lane";"Morelos";"Cuernavaca";"Mexico";"89422";"14465669789"
1175;576;"MORRIS";"MCCARTER";"MORRIS.MCCARTER@sakilacustomer.org";1;"2006-02-14 22:04:37";"1568 Celaya Parkway";"Kaohsiung";"Fengshan";"Taiwan";"34750";"278669994384"
1176;577;"CLIFTON";"MALCOLM";"CLIFTON.MALCOLM@sakilacustomer.org";1;"2006-02-14 22:04:37";"1489 Kakamigahara Lane";"Taipei";"Tanshui";"Taiwan";"98883";"29341849811"
1177;578;"WILLARD";"LUMPKIN";"WILLARD.LUMPKIN@sakilacustomer.org";1;"2006-02-14 22:04:37";"1819 Alessandria Loop";"Campeche";"Carmen";"Mexico";"53829";"377633994405"
1178;579;"DARYL";"LARUE";"DARYL.LARUE@sakilacustomer.org";1;"2006-02-14 22:04:37";"1208 Tama Loop";"Ninawa";"Mosul";"Iraq";"73605";"954786054144"
1179;580;"ROSS";"GREY";"ROSS.GREY@sakilacustomer.org";1;"2006-02-14 22:04:37";"951 Springs Lane";"Central Mindanao";"Iligan";"Philippines";"96115";"165164761435"
1180;581;"VIRGIL";"WOFFORD";"VIRGIL.WOFFORD@sakilacustomer.org";1;"2006-02-14 22:04:37";"760 Miyakonojo Drive";"Guerrero";"Jos Azueta";"Mexico";"64682";"294449058179"
1181;582;"ANDY";"VANHORN";"ANDY.VANHORN@sakilacustomer.org";1;"2006-02-14 22:04:37";"966 Asuncin Way";"Hidalgo";"Huejutla de Reyes";"Mexico";"62703";"995527378381"
1182;583;"MARSHALL";"THORN";"MARSHALL.THORN@sakilacustomer.org";1;"2006-02-14 22:04:37";"1584 Ljubertsy Lane";"England";"Southampton";"United Kingdom";"22954";"285710089439"
1183;584;"SALVADOR";"TEEL";"SALVADOR.TEEL@sakilacustomer.org";1;"2006-02-14 22:04:37";"247 Jining Parkway";"Banjul";"Banjul";"Gambia";"53446";"170115379190"
1184;585;"PERRY";"SWAFFORD";"PERRY.SWAFFORD@sakilacustomer.org";1;"2006-02-14 22:04:37";"773 Dallas Manor";"Buenos Aires";"Quilmes";"Argentina";"12664";"914466027044"
1185;586;"KIRK";"STCLAIR";"KIRK.STCLAIR@sakilacustomer.org";1;"2006-02-14 22:04:37";"1923 Stara Zagora Lane";"Nantou";"Tsaotun";"Taiwan";"95179";"182178609211"
1186;587;"SERGIO";"STANFIELD";"SERGIO.STANFIELD@sakilacustomer.org";1;"2006-02-14 22:04:37";"1402 Zanzibar Boulevard";"Guanajuato";"Celaya";"Mexico";"71102";"387448063440"
1187;588;"MARION";"OCAMPO";"MARION.OCAMPO@sakilacustomer.org";1;"2006-02-14 22:04:37";"1464 Kursk Parkway";"Shandong";"Weifang";"China";"17381";"338758048786"
1188;589;"TRACY";"HERRMANN";"TRACY.HERRMANN@sakilacustomer.org";1;"2006-02-14 22:04:37";"1074 Sanaa Parkway";"Loja";"Loja";"Ecuador";"22474";"154124128457"
1189;590;"SETH";"HANNON";"SETH.HANNON@sakilacustomer.org";1;"2006-02-14 22:04:37";"1759 Niznekamsk Avenue";"al-Manama";"al-Manama";"Bahrain";"39414";"864392582257"
1190;591;"KENT";"ARSENAULT";"KENT.ARSENAULT@sakilacustomer.org";1;"2006-02-14 22:04:37";"32 Liaocheng Way";"Minas Gerais";"Juiz de Fora";"Brazil";"1944";"410877354933"
1191;592;"TERRANCE";"ROUSH";"TERRANCE.ROUSH@sakilacustomer.org";0;"2006-02-14 22:04:37";"42 Fontana Avenue";"Fejr";"Szkesfehrvr";"Hungary";"14684";"437829801725"
1192;593;"RENE";"MCALISTER";"RENE.MCALISTER@sakilacustomer.org";1;"2006-02-14 22:04:37";"1895 Zhezqazghan Drive";"California";"Garden Grove";"United States";"36693";"137809746111"
1193;594;"EDUARDO";"HIATT";"EDUARDO.HIATT@sakilacustomer.org";1;"2006-02-14 22:04:37";"1837 Kaduna Parkway";"Inner Mongolia";"Jining";"China";"82580";"640843562301"
1194;595;"TERRENCE";"GUNDERSON";"TERRENCE.GUNDERSON@sakilacustomer.org";1;"2006-02-14 22:04:37";"844 Bucuresti Place";"Liaoning";"Jinzhou";"China";"36603";"935952366111"
1195;596;"ENRIQUE";"FORSYTHE";"ENRIQUE.FORSYTHE@sakilacustomer.org";1;"2006-02-14 22:04:37";"1101 Bucuresti Boulevard";"West Greece";"Patras";"Greece";"97661";"199514580428"
1196;597;"FREDDIE";"DUGGAN";"FREDDIE.DUGGAN@sakilacustomer.org";1;"2006-02-14 22:04:37";"1103 Quilmes Boulevard";"Piura";"Sullana";"Peru";"52137";"644021380889"
1197;598;"WADE";"DELVALLE";"WADE.DELVALLE@sakilacustomer.org";1;"2006-02-14 22:04:37";"1331 Usak Boulevard";"Vaud";"Lausanne";"Switzerland";"61960";"145308717464"
1198;599;"AUSTIN";"CINTRON";"AUSTIN.CINTRON@sakilacustomer.org";1;"2006-02-14 22:04:37";"1325 Fukuyama Street";"Heilongjiang";"Tieli";"China";"27107";"288241215394"
